Workbook

Sheet 知名公園清單
A1: 全台灣知名公園實務母清單｜Google Maps 公園地標為主要核對基準｜共 231 處｜更新日期：2026-07-13
A2: 序號 | B2: 縣市 | C2: 行政區 | D2: 公園名稱 | E2: 類型 | F2: 知名度層級 | G2: DOR收錄優先級 | H2: 代表性理由 | I2: 適合玩法／任務 | J2: 與現有DOR重疊 | K2: 場域性質 | L2: 開放／營運備註 | M2: 官方／主要來源 | N2: 複核狀態 | O2: Google Maps 地標緯度候選（WGS84） | P2: Google Maps 地標經度候選（WGS84） | Q2: Google Maps 核對狀態 | R2: 座標基準／比對方式 | S2: Google Maps 使用說明 | T2: Google Maps 地標搜尋 | U2: 目前座標檢視 | V2: Google Maps 查詢字串 | W2: 場域座標類型
A3: 1 | B3: 臺北市 | C3: 大安區 | D3: 大安森林公園 | E3: 大型城市公園 | F3: S｜全國知名 | G3: P0｜核心 | H3: 城市代表性高、腹地大，兼具休閒、活動與跑步使用。 | I3: 環園探索＋代表地標拍照＋末段加速 | J3: 是｜名稱相同或高度重疊 | K3: 正式公園 | L3: 公共開放為主；活動、施工、夜間照明與局部設施仍須上線前複核。 | M3: https://play4u.gov.taipei/ | N3: Google Maps 主基準工作版；依核對狀態逐筆確認 | O3: 25.03342 | P3: 121.5352 | Q3: A｜Google Maps 單一 POI 候選 | R3: Google Maps 公園地標名稱搜尋為第一順位；現有 WGS84 座標作候選值，既有 DOR／政府資料僅供交叉比對。 | S3: 請開啟 Google Maps 地標搜尋，確認圖釘名稱、縣市與行政區一致；確認後可將圖釘座標作為公園地標座標。 | T3: https://www.google.com/maps/search/?api=1&query=%E5%A4%A7%E5%AE%89%E6%A3%AE%E6%9E%97%E5%85%AC%E5%9C%92%20%E5%A4%A7%E5%AE%89%E5%8D%80%20%E8%87%BA%E5%8C%97%E5%B8%82 | U3: https://www.google.com/maps?q=25.033420,121.535200 | V3: 大安森林公園 大安區 臺北市 | W3: 單一公園 POI
A4: 2 | B4: 臺北市 | C4: 中正區 | D4: 二二八和平公園 | E4: 文化景觀公園 | F4: S｜全國知名 | G4: P0｜核心 | H4: 文化地標、歷史場景與公共綠地結合，適合巡遊任務。 | I4: 文化地標巡遊＋拍照＋簡易問答 | J4: 待比對 | K4: 正式公園 | L4: 公共開放為主；活動、施工、夜間照明與局部設施仍須上線前複核。 | M4: https://play4u.gov.taipei/ | N4: Google Maps 主基準工作版；依核對狀態逐筆確認 | O4: 25.04044 | P4: 121.51417 | Q4: A｜Google Maps 單一 POI 候選 | R4: Google Maps 公園地標名稱搜尋為第一順位；現有 WGS84 座標作候選值，既有 DOR／政府資料僅供交叉比對。 | S4: 請開啟 Google Maps 地標搜尋，確認圖釘名稱、縣市與行政區一致；確認後可將圖釘座標作為公園地標座標。 | T4: https://www.google.com/maps/search/?api=1&query=%E4%BA%8C%E4%BA%8C%E5%85%AB%E5%92%8C%E5%B9%B3%E5%85%AC%E5%9C%92%20%E4%B8%AD%E6%AD%A3%E5%8D%80%20%E8%87%BA%E5%8C%97%E5%B8%82 | U4: https://www.google.com/maps?q=25.040440,121.514170 | V4: 二二八和平公園 中正區 臺北市 | W4: 單一公園 POI
A5: 3 | B5: 臺北市 | C5: 士林區 | D5: 士林官邸公園 | E5: 文化景觀公園 | F5: S｜全國知名 | G5: P0｜核心 | H5: 文化地標、歷史場景與公共綠地結合，適合巡遊任務。 | I5: 文化地標巡遊＋拍照＋簡易問答 | J5: 待比對 | K5: 正式公園 | L5: 公共開放為主；活動、施工、夜間照明與局部設施仍須上線前複核。 | M5: https://play4u.gov.taipei/ | N5: Google Maps 主基準工作版；依核對狀態逐筆確認 | O5: 25.0949 | P5: 121.53015 | Q5: A｜Google Maps 單一 POI 候選 | R5: Google Maps 公園地標名稱搜尋為第一順位；現有 WGS84 座標作候選值，既有 DOR／政府資料僅供交叉比對。 | S5: 請開啟 Google Maps 地標搜尋，確認圖釘名稱、縣市與行政區一致；確認後可將圖釘座標作為公園地標座標。 | T5: https://www.google.com/maps/search/?api=1&query=%E5%A3%AB%E6%9E%97%E5%AE%98%E9%82%B8%E5%85%AC%E5%9C%92%20%E5%A3%AB%E6%9E%97%E5%8D%80%20%E8%87%BA%E5%8C%97%E5%B8%82 | U5: https://www.google.com/maps?q=25.094900,121.530150 | V5: 士林官邸公園 士林區 臺北市 | W5: 單一公園 POI
A6: 4 | B6: 臺北市 | C6: 北投區 | D6: 北投公園 | E6: 文化景觀公園 | F6: A｜縣市代表 | G6: P0｜核心 | H6: 文化地標、歷史場景與公共綠地結合，適合巡遊任務。 | I6: 文化地標巡遊＋拍照＋簡易問答 | J6: 待比對 | K6: 正式公園 | L6: 公共開放為主；活動、施工、夜間照明與局部設施仍須上線前複核。 | M6: https://play4u.gov.taipei/ | N6: Google Maps 主基準工作版；依核對狀態逐筆確認 | O6: 25.13656 | P6: 121.50473 | Q6: A｜Google Maps 單一 POI 候選 | R6: Google Maps 公園地標名稱搜尋為第一順位；現有 WGS84 座標作候選值，既有 DOR／政府資料僅供交叉比對。 | S6: 請開啟 Google Maps 地標搜尋，確認圖釘名稱、縣市與行政區一致；確認後可將圖釘座標作為公園地標座標。 | T6: https://www.google.com/maps/search/?api=1&query=%E5%8C%97%E6%8A%95%E5%85%AC%E5%9C%92%20%E5%8C%97%E6%8A%95%E5%8D%80%20%E8%87%BA%E5%8C%97%E5%B8%82 | U6: https://www.google.com/maps?q=25.136560,121.504730 | V6: 北投公園 北投區 臺北市 | W6: 單一公園 POI
A7: 5 | B7: 臺北市 | C7: 北投區 | D7: 陽明公園 | E7: 山坡森林公園 | F7: A｜縣市代表 | G7: P1｜擴充 | H7: 林蔭、坡度或視野明顯，適合爬升與地形任務。 | I7: 坡跑／階梯＋爬升高度＋觀景點 | J7: 待比對 | K7: 正式公園 | L7: 公共開放為主；活動、施工、夜間照明與局部設施仍須上線前複核。 | M7: https://play4u.gov.taipei/ | N7: Google Maps 主基準工作版；依核對狀態逐筆確認 | O7: 25.15787 | P7: 121.54252 | Q7: A｜Google Maps 單一 POI 候選 | R7: Google Maps 公園地標名稱搜尋為第一順位；現有 WGS84 座標作候選值，既有 DOR／政府資料僅供交叉比對。 | S7: 請開啟 Google Maps 地標搜尋，確認圖釘名稱、縣市與行政區一致；確認後可將圖釘座標作為公園地標座標。 | T7: https://www.google.com/maps/search/?api=1&query=%E9%99%BD%E6%98%8E%E5%85%AC%E5%9C%92%20%E5%8C%97%E6%8A%95%E5%8D%80%20%E8%87%BA%E5%8C%97%E5%B8%82 | U7: https://www.google.com/maps?q=25.157870,121.542520 | V7: 陽明公園 北投區 臺北市 | W7: 單一公園 POI
A8: 6 | B8: 臺北市 | C8: 內湖區 | D8: 大湖公園 | E8: 城市公園 | F8: A｜縣市代表 | G8: P0｜核心 | H8: 生活圈辨識度高，適合日常探索與環園任務。 | I8: 環園一圈＋指定設施／地標打卡 | J8: 是｜名稱相同或高度重疊 | K8: 正式公園 | L8: 公共開放為主；活動、施工、夜間照明與局部設施仍須上線前複核。 | M8: https://play4u.gov.taipei/ | N8: Google Maps 主基準工作版；依核對狀態逐筆確認 | O8: 25.0837 | P8: 121.602 | Q8: A｜Google Maps 單一 POI 候選 | R8: Google Maps 公園地標名稱搜尋為第一順位；現有 WGS84 座標作候選值，既有 DOR／政府資料僅供交叉比對。 | S8: 請開啟 Google Maps 地標搜尋，確認圖釘名稱、縣市與行政區一致；確認後可將圖釘座標作為公園地標座標。 | T8: https://www.google.com/maps/search/?api=1&query=%E5%A4%A7%E6%B9%96%E5%85%AC%E5%9C%92%20%E5%85%A7%E6%B9%96%E5%8D%80%20%E8%87%BA%E5%8C%97%E5%B8%82 | U8: https://www.google.com/maps?q=25.083700,121.602000 | V8: 大湖公園 內湖區 臺北市 | W8: 單一公園 POI
A9: 7 | B9: 臺北市 | C9: 內湖區 | D9: 碧湖公園 | E9: 城市公園 | F9: A｜縣市代表 | G9: P1｜擴充 | H9: 生活圈辨識度高，適合日常探索與環園任務。 | I9: 環園一圈＋指定設施／地標打卡 | J9: 待比對 | K9: 正式公園 | L9: 公共開放為主；活動、施工、夜間照明與局部設施仍須上線前複核。 | M9: https://play4u.gov.taipei/ | N9: Google Maps 主基準工作版；依核對狀態逐筆確認 | O9: 25.08219 | P9: 121.58429 | Q9: A｜Google Maps 單一 POI 候選 | R9: Google Maps 公園地標名稱搜尋為第一順位；現有 WGS84 座標作候選值，既有 DOR／政府資料僅供交叉比對。 | S9: 請開啟 Google Maps 地標搜尋，確認圖釘名稱、縣市與行政區一致；確認後可將圖釘座標作為公園地標座標。 | T9: https://www.google.com/maps/search/?api=1&query=%E7%A2%A7%E6%B9%96%E5%85%AC%E5%9C%92%20%E5%85%A7%E6%B9%96%E5%8D%80%20%E8%87%BA%E5%8C%97%E5%B8%82 | U9: https://www.google.com/maps?q=25.082190,121.584290 | V9: 碧湖公園 內湖區 臺北市 | W9: 單一公園 POI
A10: 8 | B10: 臺北市 | C10: 南港區 | D10: 南港公園 | E10: 城市公園 | F10: A｜縣市代表 | G10: P0｜核心 | H10: 生活圈辨識度高，適合日常探索與環園任務。 | I10: 環園一圈＋指定設施／地標打卡 | J10: 是｜名稱相同或高度重疊 | K10: 正式公園 | L10: 公共開放為主；活動、施工、夜間照明與局部設施仍須上線前複核。 | M10: https://play4u.gov.taipei/ | N10: Google Maps 主基準工作版；依核對狀態逐筆確認 | O10: 25.0394 | P10: 121.5905 | Q10: A｜Google Maps 單一 POI 候選 | R10: Google Maps 公園地標名稱搜尋為第一順位；現有 WGS84 座標作候選值，既有 DOR／政府資料僅供交叉比對。 | S10: 請開啟 Google Maps 地標搜尋，確認圖釘名稱、縣市與行政區一致；確認後可將圖釘座標作為公園地標座標。 | T10: https://www.google.com/maps/search/?api=1&query=%E5%8D%97%E6%B8%AF%E5%85%AC%E5%9C%92%20%E5%8D%97%E6%B8%AF%E5%8D%80%20%E8%87%BA%E5%8C%97%E5%B8%82 | U10: https://www.google.com/maps?q=25.039400,121.590500 | V10: 南港公園 南港區 臺北市 | W10: 單一公園 POI
A11: 9 | B11: 臺北市 | C11: 萬華區 | D11: 青年公園 | E11: 運動公園 | F11: A｜縣市代表 | G11: P0｜核心 | H11: 區域運動核心，適合圈數、配速與體能任務。 | I11: 圈數任務＋穩定配速＋體能挑戰 | J11: 是｜名稱相同或高度重疊 | K11: 正式公園 | L11: 公共開放為主；活動、施工、夜間照明與局部設施仍須上線前複核。 | M11: https://play4u.gov.taipei/ | N11: Google Maps 主基準工作版；依核對狀態逐筆確認 | O11: 25.0227 | P11: 121.5052 | Q11: A｜Google Maps 單一 POI 候選 | R11: Google Maps 公園地標名稱搜尋為第一順位；現有 WGS84 座標作候選值，既有 DOR／政府資料僅供交叉比對。 | S11: 請開啟 Google Maps 地標搜尋，確認圖釘名稱、縣市與行政區一致；確認後可將圖釘座標作為公園地標座標。 | T11: https://www.google.com/maps/search/?api=1&query=%E9%9D%92%E5%B9%B4%E5%85%AC%E5%9C%92%20%E8%90%AC%E8%8F%AF%E5%8D%80%20%E8%87%BA%E5%8C%97%E5%B8%82 | U11: https://www.google.com/maps?q=25.022700,121.505200 | V11: 青年公園 萬華區 臺北市 | W11: 單一公園 POI
A12: 10 | B12: 臺北市 | C12: 中山區 | D12: 花博公園（圓山／美術／新生園區） | E12: 大型城市公園 | F12: S｜全國知名 | G12: P0｜核心 | H12: 城市代表性高、腹地大，兼具休閒、活動與跑步使用。 | I12: 環園探索＋代表地標拍照＋末段加速 | J12: 是｜名稱相同或高度重疊 | K12: 正式公園 | L12: 公共開放為主；活動、施工、夜間照明與局部設施仍須上線前複核。 | M12: https://play4u.gov.taipei/ | N12: Google Maps 主基準工作版；依核對狀態逐筆確認 | O12: 25.0691 | P12: 121.5323 | Q12: C｜Google Maps 需人工選定主地標 | R12: Google Maps 公園地標名稱搜尋為第一順位；現有 WGS84 座標作候選值，既有 DOR／政府資料僅供交叉比對。 | S12: 名稱包含多園區或複合場域，Google Maps 可能顯示多個圖釘；須先拆分或指定主園區後，再確定唯一座標。 | T12: https://www.google.com/maps/search/?api=1&query=%E8%8A%B1%E5%8D%9A%E5%85%AC%E5%9C%92%EF%BC%88%E5%9C%93%E5%B1%B1%EF%BC%8F%E7%BE%8E%E8%A1%93%EF%BC%8F%E6%96%B0%E7%94%9F%E5%9C%92%E5%8D%80%EF%BC%89%20%E4%B8%AD%E5%B1%B1%E5%8D%80%20%E8%87%BA%E5%8C%97%E5%B8%82 | U12: https://www.google.com/maps?q=25.069100,121.532300 | V12: 花博公園（圓山／美術／新生園區） 中山區 臺北市 | W12: 複合／多園區地標
A13: 11 | B13: 臺北市 | C13: 中山區 | D13: 榮星花園公園 | E13: 城市公園 | F13: A｜縣市代表 | G13: P1｜擴充 | H13: 生活圈辨識度高，適合日常探索與環園任務。 | I13: 環園一圈＋指定設施／地標打卡 | J13: 待比對 | K13: 正式公園 | L13: 公共開放為主；活動、施工、夜間照明與局部設施仍須上線前複核。 | M13: https://play4u.gov.taipei/ | N13: Google Maps 主基準工作版；依核對狀態逐筆確認 | O13: 25.06265 | P13: 121.5405 | Q13: A｜Google Maps 單一 POI 候選 | R13: Google Maps 公園地標名稱搜尋為第一順位；現有 WGS84 座標作候選值，既有 DOR／政府資料僅供交叉比對。 | S13: 請開啟 Google Maps 地標搜尋，確認圖釘名稱、縣市與行政區一致；確認後可將圖釘座標作為公園地標座標。 | T13: https://www.google.com/maps/search/?api=1&query=%E6%A6%AE%E6%98%9F%E8%8A%B1%E5%9C%92%E5%85%AC%E5%9C%92%20%E4%B8%AD%E5%B1%B1%E5%8D%80%20%E8%87%BA%E5%8C%97%E5%B8%82 | U13: https://www.google.com/maps?q=25.062650,121.540500 | V13: 榮星花園公園 中山區 臺北市 | W13: 單一公園 POI
A14: 12 | B14: 臺北市 | C14: 士林區 | D14: 天母運動公園 | E14: 運動公園 | F14: A｜縣市代表 | G14: P1｜擴充 | H14: 區域運動核心，適合圈數、配速與體能任務。 | I14: 圈數任務＋穩定配速＋體能挑戰 | J14: 是｜名稱相同或高度重疊 | K14: 正式公園 | L14: 公共開放為主；活動、施工、夜間照明與局部設施仍須上線前複核。 | M14: https://play4u.gov.taipei/ | N14: Google Maps 主基準工作版；依核對狀態逐筆確認 | O14: 25.1158 | P14: 121.532 | Q14: A｜Google Maps 單一 POI 候選 | R14: Google Maps 公園地標名稱搜尋為第一順位；現有 WGS84 座標作候選值，既有 DOR／政府資料僅供交叉比對。 | S14: 請開啟 Google Maps 地標搜尋，確認圖釘名稱、縣市與行政區一致；確認後可將圖釘座標作為公園地標座標。 | T14: https://www.google.com/maps/search/?api=1&query=%E5%A4%A9%E6%AF%8D%E9%81%8B%E5%8B%95%E5%85%AC%E5%9C%92%20%E5%A3%AB%E6%9E%97%E5%8D%80%20%E8%87%BA%E5%8C%97%E5%B8%82 | U14: https://www.google.com/maps?q=25.115800,121.532000 | V14: 天母運動公園 士林區 臺北市 | W14: 單一公園 POI
... A233: 231 | B233: 連江縣 | C233: 南竿鄉 | D233: 馬祖民俗文物館園區 | E233: 文化景觀公園 | F233: A｜縣市代表 | G233: P1｜擴充 | H233: 文化地標、歷史場景與公共綠地結合，適合巡遊任務。 | I233: 文化地標巡遊＋拍照＋簡易問答 | J233: 待比對 | K233: 公園型公共園區 | L233: 納入廣義公園清單；可能有開放時間、門票或場域管理規則，需另外複核。 | M233: https://www.matsu-nsa.gov.tw/ | N233: Google Maps 主基準工作版；依核對狀態逐筆確認 | O233: 26.1569 | P233: 119.9515 | Q233: C｜Google Maps 優先複核 | R233: Google Maps 公園地標名稱搜尋為第一順位；現有 WGS84 座標作候選值，既有 DOR／政府資料僅供交叉比對。 | S233: 屬大型景區或公共園區，Google Maps 圖釘可能落在遊客中心、入口或核心設施；需依產品用途確認代表點。 | T233: https://www.google.com/maps/search/?api=1&query=%E9%A6%AC%E7%A5%96%E6%B0%91%E4%BF%97%E6%96%87%E7%89%A9%E9%A4%A8%E5%9C%92%E5%8D%80%20%E5%8D%97%E7%AB%BF%E9%84%89%20%E9%80%A3%E6%B1%9F%E7%B8%A3 | U233: https://www.google.com/maps?q=26.156900,119.951500 | V233: 馬祖民俗文物館園區 南竿鄉 連江縣 | W233: 景區／公共園區 POI

Sheet 縣市摘要
A1: 全台灣知名公園｜縣市分布與分級摘要
A2: 縣市 | B2: 總數 | C2: S｜全國知名 | D2: A｜縣市代表 | E2: B｜區域熱門 | F2: P0｜核心 | G2: P1｜擴充 | H2: P2｜候補
A3: 臺北市 | B3: =COUNTIF(知名公園清單!$B$3:$B$233,A3) -> 18 | C3: =COUNTIFS(知名公園清單!$B$3:$B$233,A3,知名公園清單!$F$3:$F$233,"S｜全國知名") -> 5 | D3: =COUNTIFS(知名公園清單!$B$3:$B$233,A3,知名公園清單!$F$3:$F$233,"A｜縣市代表") -> 13 | E3: =COUNTIFS(知名公園清單!$B$3:$B$233,A3,知名公園清單!$F$3:$F$233,"B｜區域熱門") -> 0 | F3: =COUNTIFS(知名公園清單!$B$3:$B$233,A3,知名公園清單!$G$3:$G$233,"P0｜核心") -> 9 | G3: =COUNTIFS(知名公園清單!$B$3:$B$233,A3,知名公園清單!$G$3:$G$233,"P1｜擴充") -> 9 | H3: =COUNTIFS(知名公園清單!$B$3:$B$233,A3,知名公園清單!$G$3:$G$233,"P2｜候補") -> 0
A4: 新北市 | B4: =COUNTIF(知名公園清單!$B$3:$B$233,A4) -> 18 | C4: =COUNTIFS(知名公園清單!$B$3:$B$233,A4,知名公園清單!$F$3:$F$233,"S｜全國知名") -> 3 | D4: =COUNTIFS(知名公園清單!$B$3:$B$233,A4,知名公園清單!$F$3:$F$233,"A｜縣市代表") -> 13 | E4: =COUNTIFS(知名公園清單!$B$3:$B$233,A4,知名公園清單!$F$3:$F$233,"B｜區域熱門") -> 2 | F4: =COUNTIFS(知名公園清單!$B$3:$B$233,A4,知名公園清單!$G$3:$G$233,"P0｜核心") -> 6 | G4: =COUNTIFS(知名公園清單!$B$3:$B$233,A4,知名公園清單!$G$3:$G$233,"P1｜擴充") -> 11 | H4: =COUNTIFS(知名公園清單!$B$3:$B$233,A4,知名公園清單!$G$3:$G$233,"P2｜候補") -> 1
A5: 基隆市 | B5: =COUNTIF(知名公園清單!$B$3:$B$233,A5) -> 7 | C5: =COUNTIFS(知名公園清單!$B$3:$B$233,A5,知名公園清單!$F$3:$F$233,"S｜全國知名") -> 2 | D5: =COUNTIFS(知名公園清單!$B$3:$B$233,A5,知名公園清單!$F$3:$F$233,"A｜縣市代表") -> 5 | E5: =COUNTIFS(知名公園清單!$B$3:$B$233,A5,知名公園清單!$F$3:$F$233,"B｜區域熱門") -> 0 | F5: =COUNTIFS(知名公園清單!$B$3:$B$233,A5,知名公園清單!$G$3:$G$233,"P0｜核心") -> 3 | G5: =COUNTIFS(知名公園清單!$B$3:$B$233,A5,知名公園清單!$G$3:$G$233,"P1｜擴充") -> 4 | H5: =COUNTIFS(知名公園清單!$B$3:$B$233,A5,知名公園清單!$G$3:$G$233,"P2｜候補") -> 0
A6: 桃園市 | B6: =COUNTIF(知名公園清單!$B$3:$B$233,A6) -> 16 | C6: =COUNTIFS(知名公園清單!$B$3:$B$233,A6,知名公園清單!$F$3:$F$233,"S｜全國知名") -> 3 | D6: =COUNTIFS(知名公園清單!$B$3:$B$233,A6,知名公園清單!$F$3:$F$233,"A｜縣市代表") -> 11 | E6: =COUNTIFS(知名公園清單!$B$3:$B$233,A6,知名公園清單!$F$3:$F$233,"B｜區域熱門") -> 2 | F6: =COUNTIFS(知名公園清單!$B$3:$B$233,A6,知名公園清單!$G$3:$G$233,"P0｜核心") -> 5 | G6: =COUNTIFS(知名公園清單!$B$3:$B$233,A6,知名公園清單!$G$3:$G$233,"P1｜擴充") -> 9 | H6: =COUNTIFS(知名公園清單!$B$3:$B$233,A6,知名公園清單!$G$3:$G$233,"P2｜候補") -> 2
A7: 新竹市 | B7: =COUNTIF(知名公園清單!$B$3:$B$233,A7) -> 10 | C7: =COUNTIFS(知名公園清單!$B$3:$B$233,A7,知名公園清單!$F$3:$F$233,"S｜全國知名") -> 3 | D7: =COUNTIFS(知名公園清單!$B$3:$B$233,A7,知名公園清單!$F$3:$F$233,"A｜縣市代表") -> 5 | E7: =COUNTIFS(知名公園清單!$B$3:$B$233,A7,知名公園清單!$F$3:$F$233,"B｜區域熱門") -> 2 | F7: =COUNTIFS(知名公園清單!$B$3:$B$233,A7,知名公園清單!$G$3:$G$233,"P0｜核心") -> 4 | G7: =COUNTIFS(知名公園清單!$B$3:$B$233,A7,知名公園清單!$G$3:$G$233,"P1｜擴充") -> 4 | H7: =COUNTIFS(知名公園清單!$B$3:$B$233,A7,知名公園清單!$G$3:$G$233,"P2｜候補") -> 2
A8: 新竹縣 | B8: =COUNTIF(知名公園清單!$B$3:$B$233,A8) -> 8 | C8: =COUNTIFS(知名公園清單!$B$3:$B$233,A8,知名公園清單!$F$3:$F$233,"S｜全國知名") -> 0 | D8: =COUNTIFS(知名公園清單!$B$3:$B$233,A8,知名公園清單!$F$3:$F$233,"A｜縣市代表") -> 6 | E8: =COUNTIFS(知名公園清單!$B$3:$B$233,A8,知名公園清單!$F$3:$F$233,"B｜區域熱門") -> 2 | F8: =COUNTIFS(知名公園清單!$B$3:$B$233,A8,知名公園清單!$G$3:$G$233,"P0｜核心") -> 2 | G8: =COUNTIFS(知名公園清單!$B$3:$B$233,A8,知名公園清單!$G$3:$G$233,"P1｜擴充") -> 4 | H8: =COUNTIFS(知名公園清單!$B$3:$B$233,A8,知名公園清單!$G$3:$G$233,"P2｜候補") -> 2
A9: 苗栗縣 | B9: =COUNTIF(知名公園清單!$B$3:$B$233,A9) -> 9 | C9: =COUNTIFS(知名公園清單!$B$3:$B$233,A9,知名公園清單!$F$3:$F$233,"S｜全國知名") -> 0 | D9: =COUNTIFS(知名公園清單!$B$3:$B$233,A9,知名公園清單!$F$3:$F$233,"A｜縣市代表") -> 8 | E9: =COUNTIFS(知名公園清單!$B$3:$B$233,A9,知名公園清單!$F$3:$F$233,"B｜區域熱門") -> 1 | F9: =COUNTIFS(知名公園清單!$B$3:$B$233,A9,知名公園清單!$G$3:$G$233,"P0｜核心") -> 2 | G9: =COUNTIFS(知名公園清單!$B$3:$B$233,A9,知名公園清單!$G$3:$G$233,"P1｜擴充") -> 6 | H9: =COUNTIFS(知名公園清單!$B$3:$B$233,A9,知名公園清單!$G$3:$G$233,"P2｜候補") -> 1
A10: 臺中市 | B10: =COUNTIF(知名公園清單!$B$3:$B$233,A10) -> 16 | C10: =COUNTIFS(知名公園清單!$B$3:$B$233,A10,知名公園清單!$F$3:$F$233,"S｜全國知名") -> 6 | D10: =COUNTIFS(知名公園清單!$B$3:$B$233,A10,知名公園清單!$F$3:$F$233,"A｜縣市代表") -> 9 | E10: =COUNTIFS(知名公園清單!$B$3:$B$233,A10,知名公園清單!$F$3:$F$233,"B｜區域熱門") -> 1 | F10: =COUNTIFS(知名公園清單!$B$3:$B$233,A10,知名公園清單!$G$3:$G$233,"P0｜核心") -> 6 | G10: =COUNTIFS(知名公園清單!$B$3:$B$233,A10,知名公園清單!$G$3:$G$233,"P1｜擴充") -> 9 | H10: =COUNTIFS(知名公園清單!$B$3:$B$233,A10,知名公園清單!$G$3:$G$233,"P2｜候補") -> 1
A11: 彰化縣 | B11: =COUNTIF(知名公園清單!$B$3:$B$233,A11) -> 9 | C11: =COUNTIFS(知名公園清單!$B$3:$B$233,A11,知名公園清單!$F$3:$F$233,"S｜全國知名") -> 2 | D11: =COUNTIFS(知名公園清單!$B$3:$B$233,A11,知名公園清單!$F$3:$F$233,"A｜縣市代表") -> 6 | E11: =COUNTIFS(知名公園清單!$B$3:$B$233,A11,知名公園清單!$F$3:$F$233,"B｜區域熱門") -> 1 | F11: =COUNTIFS(知名公園清單!$B$3:$B$233,A11,知名公園清單!$G$3:$G$233,"P0｜核心") -> 3 | G11: =COUNTIFS(知名公園清單!$B$3:$B$233,A11,知名公園清單!$G$3:$G$233,"P1｜擴充") -> 5 | H11: =COUNTIFS(知名公園清單!$B$3:$B$233,A11,知名公園清單!$G$3:$G$233,"P2｜候補") -> 1
A12: 南投縣 | B12: =COUNTIF(知名公園清單!$B$3:$B$233,A12) -> 8 | C12: =COUNTIFS(知名公園清單!$B$3:$B$233,A12,知名公園清單!$F$3:$F$233,"S｜全國知名") -> 0 | D12: =COUNTIFS(知名公園清單!$B$3:$B$233,A12,知名公園清單!$F$3:$F$233,"A｜縣市代表") -> 6 | E12: =COUNTIFS(知名公園清單!$B$3:$B$233,A12,知名公園清單!$F$3:$F$233,"B｜區域熱門") -> 2 | F12: =COUNTIFS(知名公園清單!$B$3:$B$233,A12,知名公園清單!$G$3:$G$233,"P0｜核心") -> 1 | G12: =COUNTIFS(知名公園清單!$B$3:$B$233,A12,知名公園清單!$G$3:$G$233,"P1｜擴充") -> 5 | H12: =COUNTIFS(知名公園清單!$B$3:$B$233,A12,知名公園清單!$G$3:$G$233,"P2｜候補") -> 2
A13: 雲林縣 | B13: =COUNTIF(知名公園清單!$B$3:$B$233,A13) -> 9 | C13: =COUNTIFS(知名公園清單!$B$3:$B$233,A13,知名公園清單!$F$3:$F$233,"S｜全國知名") -> 1 | D13: =COUNTIFS(知名公園清單!$B$3:$B$233,A13,知名公園清單!$F$3:$F$233,"A｜縣市代表") -> 6 | E13: =COUNTIFS(知名公園清單!$B$3:$B$233,A13,知名公園清單!$F$3:$F$233,"B｜區域熱門") -> 2 | F13: =COUNTIFS(知名公園清單!$B$3:$B$233,A13,知名公園清單!$G$3:$G$233,"P0｜核心") -> 2 | G13: =COUNTIFS(知名公園清單!$B$3:$B$233,A13,知名公園清單!$G$3:$G$233,"P1｜擴充") -> 5 | H13: =COUNTIFS(知名公園清單!$B$3:$B$233,A13,知名公園清單!$G$3:$G$233,"P2｜候補") -> 2
A14: 嘉義市 | B14: =COUNTIF(知名公園清單!$B$3:$B$233,A14) -> 7 | C14: =COUNTIFS(知名公園清單!$B$3:$B$233,A14,知名公園清單!$F$3:$F$233,"S｜全國知名") -> 1 | D14: =COUNTIFS(知名公園清單!$B$3:$B$233,A14,知名公園清單!$F$3:$F$233,"A｜縣市代表") -> 5 | E14: =COUNTIFS(知名公園清單!$B$3:$B$233,A14,知名公園清單!$F$3:$F$233,"B｜區域熱門") -> 1 | F14: =COUNTIFS(知名公園清單!$B$3:$B$233,A14,知名公園清單!$G$3:$G$233,"P0｜核心") -> 2 | G14: =COUNTIFS(知名公園清單!$B$3:$B$233,A14,知名公園清單!$G$3:$G$233,"P1｜擴充") -> 4 | H14: =COUNTIFS(知名公園清單!$B$3:$B$233,A14,知名公園清單!$G$3:$G$233,"P2｜候補") -> 1
... A23: 金門縣 | B23: =COUNTIF(知名公園清單!$B$3:$B$233,A23) -> 7 | C23: =COUNTIFS(知名公園清單!$B$3:$B$233,A23,知名公園清單!$F$3:$F$233,"S｜全國知名") -> 3 | D23: =COUNTIFS(知名公園清單!$B$3:$B$233,A23,知名公園清單!$F$3:$F$233,"A｜縣市代表") -> 4 | E23: =COUNTIFS(知名公園清單!$B$3:$B$233,A23,知名公園清單!$F$3:$F$233,"B｜區域熱門") -> 0 | F23: =COUNTIFS(知名公園清單!$B$3:$B$233,A23,知名公園清單!$G$3:$G$233,"P0｜核心") -> 4 | G23: =COUNTIFS(知名公園清單!$B$3:$B$233,A23,知名公園清單!$G$3:$G$233,"P1｜擴充") -> 3 | H23: =COUNTIFS(知名公園清單!$B$3:$B$233,A23,知名公園清單!$G$3:$G$233,"P2｜候補") -> 0
A24: 連江縣 | B24: =COUNTIF(知名公園清單!$B$3:$B$233,A24) -> 4 | C24: =COUNTIFS(知名公園清單!$B$3:$B$233,A24,知名公園清單!$F$3:$F$233,"S｜全國知名") -> 2 | D24: =COUNTIFS(知名公園清單!$B$3:$B$233,A24,知名公園清單!$F$3:$F$233,"A｜縣市代表") -> 2 | E24: =COUNTIFS(知名公園清單!$B$3:$B$233,A24,知名公園清單!$F$3:$F$233,"B｜區域熱門") -> 0 | F24: =COUNTIFS(知名公園清單!$B$3:$B$233,A24,知名公園清單!$G$3:$G$233,"P0｜核心") -> 2 | G24: =COUNTIFS(知名公園清單!$B$3:$B$233,A24,知名公園清單!$G$3:$G$233,"P1｜擴充") -> 2 | H24: =COUNTIFS(知名公園清單!$B$3:$B$233,A24,知名公園清單!$G$3:$G$233,"P2｜候補") -> 0 | J24: Google Maps 核對狀態摘要
A25: 合計 | B25: =SUM(B3:B24) -> 231 | C25: =SUM(C3:C24) -> 70 | D25: =SUM(D3:D24) -> 140 | E25: =SUM(E3:E24) -> 21 | F25: =SUM(F3:F24) -> 95 | G25: =SUM(G3:G24) -> 116 | H25: =SUM(H3:H24) -> 20 | J25: 層級 | K25: 筆數 | L25: 占比 | M25: 使用說明
J26: A｜單一 POI 候選 | K26: =COUNTIF(知名公園清單!$Q$3:$Q$233,"A｜Google Maps 單一 POI 候選") -> 50 | L26: =K26/$B$25 -> 0.21645022 | M26: 先點開 Google Maps 名稱搜尋抽查，再作正式座標。
J27: B｜名稱搜尋待核對 | K27: =COUNTIF(知名公園清單!$Q$3:$Q$233,"B｜Google Maps 名稱搜尋待核對") -> 92 | L27: =K27/$B$25 -> 0.3982684 | M27: 需確認 Google Maps 圖釘名稱、行政區及位置一致。
J28: C｜人工選點／優先複核 | K28: =COUNTIF(知名公園清單!$Q$3:$Q$233,"C｜Google Maps 需人工選定主地標")+COUNTIF(知名公園清單!$Q$3:$Q$233,"C｜Google Maps 優先複核") -> 89 | L28: =K28/$B$25 -> 0.38528139 | M28: 複合、線性或原始可信度較低，禁止未核對直接作 GPS 判定。

Sheet 篩選原則
A1: 篩選原則、分級定義與使用注意事項
A2: 項目 | B2: 定義／處理方式
A3: 本清單定位 | B3: 供 DOR 城市探索、內容企劃與後續座標建檔使用的「實務母清單」，不是政府法定公園總名冊。
A4: 納入標準 | B4: 城市／縣市代表性、觀光辨識度、規模或活動使用度、跑步／親子／休閒熱度，至少符合其中一項。
A5: 排除標準 | B5: 鄰里小公園、口袋公園、純私人園區、私人遊樂園、國家公園、森林遊樂區，以及缺乏公共辨識度的冷門場地。
A6: 廣義場域 | B6: 離島或正式公園較少的縣市，保留少量具公園功能的公共景觀、文化或生態園區，並在「場域性質」標明。
A7: S｜全國知名 | B7: 跨縣市旅遊辨識度高，或屬全國性地標／大型都會公園。
A8: A｜縣市代表 | B8: 縣市居民與遊客普遍知道，具明顯城市代表性或主題特色。
A9: B｜區域熱門 | B9: 在行政區或生活圈內具熱度，但全國辨識度相對有限。
A10: P0｜核心 | B10: 建議優先建立座標、任務與關主設定；可作為縣市章節主點。
A11: P1｜擴充 | B11: 適合補足行政區、玩法與主題多樣性。
A12: P2｜候補 | B12: 保留於母清單；待資料量、營運需求或在地熱度驗證後再上線。
A13: 現有DOR重疊 | B13: 只標示本次能從既有工作簿確認的明顯同名／高度重疊項目；仍建議以正式名稱與座標再次去重。
... A20: Google Places 資料注意 | B20: 若需大量、自動化取得 Google Places 的正式地標資料，應使用 Google Places API 並依官方授權、API 金鑰與計費規範執行。官方文件：https://developers.google.com/maps/documentation/places/web-service/overview

Sheet Google Maps複核清單
A1: Google Maps 優先複核清單｜共 184 處｜包含 B／C 狀態及非單一公園 POI 場域
A2: 序號 | B2: 縣市 | C2: 行政區 | D2: 公園名稱 | E2: 候選緯度 | F2: 候選經度 | G2: Google Maps 核對狀態 | H2: 場域座標類型 | I2: Google Maps 地標搜尋 | J2: 目前座標檢視 | K2: DOR優先級
A3: 10 | B3: 臺北市 | C3: 中山區 | D3: 花博公園（圓山／美術／新生園區） | E3: 25.0691 | F3: 121.5323 | G3: C｜Google Maps 需人工選定主地標 | H3: 複合／多園區地標 | I3: https://www.google.com/maps/search/?api=1&query=%E8%8A%B1%E5%8D%9A%E5%85%AC%E5%9C%92%EF%BC%88%E5%9C%93%E5%B1%B1%EF%BC%8F%E7%BE%8E%E8%A1%93%EF%BC%8F%E6%96%B0%E7%94%9F%E5%9C%92%E5%8D%80%EF%BC%89%20%E4%B8%AD%E5%B1%B1%E5%8D%80%20%E8%87%BA%E5%8C%97%E5%B8%82 | J3: https://www.google.com/maps?q=25.069100,121.532300 | K3: P0｜核心
A4: 13 | B4: 臺北市 | C4: 中山區 | D4: 大佳河濱公園 | E4: 25.0727 | F4: 121.535 | G4: C｜Google Maps 需人工選定主地標 | H4: 線性／跨區場域代表點 | I4: https://www.google.com/maps/search/?api=1&query=%E5%A4%A7%E4%BD%B3%E6%B2%B3%E6%BF%B1%E5%85%AC%E5%9C%92%20%E4%B8%AD%E5%B1%B1%E5%8D%80%20%E8%87%BA%E5%8C%97%E5%B8%82 | J4: https://www.google.com/maps?q=25.072700,121.535000 | K4: P0｜核心
A5: 14 | B5: 臺北市 | C5: 中山區 | D5: 美堤河濱公園 | E5: 25.0784 | F5: 121.5555 | G5: C｜Google Maps 需人工選定主地標 | H5: 線性／跨區場域代表點 | I5: https://www.google.com/maps/search/?api=1&query=%E7%BE%8E%E5%A0%A4%E6%B2%B3%E6%BF%B1%E5%85%AC%E5%9C%92%20%E4%B8%AD%E5%B1%B1%E5%8D%80%20%E8%87%BA%E5%8C%97%E5%B8%82 | J5: https://www.google.com/maps?q=25.078400,121.555500 | K5: P1｜擴充
A6: 15 | B6: 臺北市 | C6: 松山區 | D6: 彩虹河濱公園 | E6: 25.0505 | F6: 121.5775 | G6: C｜Google Maps 需人工選定主地標 | H6: 線性／跨區場域代表點 | I6: https://www.google.com/maps/search/?api=1&query=%E5%BD%A9%E8%99%B9%E6%B2%B3%E6%BF%B1%E5%85%AC%E5%9C%92%20%E6%9D%BE%E5%B1%B1%E5%8D%80%20%E8%87%BA%E5%8C%97%E5%B8%82 | J6: https://www.google.com/maps?q=25.050500,121.577500 | K6: P1｜擴充
A7: 16 | B7: 臺北市 | C7: 萬華區 | D7: 華中河濱公園 | E7: 25.0199 | F7: 121.5046 | G7: C｜Google Maps 需人工選定主地標 | H7: 線性／跨區場域代表點 | I7: https://www.google.com/maps/search/?api=1&query=%E8%8F%AF%E4%B8%AD%E6%B2%B3%E6%BF%B1%E5%85%AC%E5%9C%92%20%E8%90%AC%E8%8F%AF%E5%8D%80%20%E8%87%BA%E5%8C%97%E5%B8%82 | J7: https://www.google.com/maps?q=25.019900,121.504600 | K7: P1｜擴充
A8: 17 | B8: 臺北市 | C8: 士林區 | D8: 百齡河濱公園 | E8: 25.0881 | F8: 121.5176 | G8: C｜Google Maps 需人工選定主地標 | H8: 線性／跨區場域代表點 | I8: https://www.google.com/maps/search/?api=1&query=%E7%99%BE%E9%BD%A1%E6%B2%B3%E6%BF%B1%E5%85%AC%E5%9C%92%20%E5%A3%AB%E6%9E%97%E5%8D%80%20%E8%87%BA%E5%8C%97%E5%B8%82 | J8: https://www.google.com/maps?q=25.088100,121.517600 | K8: P1｜擴充
A9: 18 | B9: 臺北市 | C9: 北投區 | D9: 關渡自然公園 | E9: 25.1199 | F9: 121.4697 | G9: B｜Google Maps 名稱搜尋待核對 | H9: 景區／公共園區 POI | I9: https://www.google.com/maps/search/?api=1&query=%E9%97%9C%E6%B8%A1%E8%87%AA%E7%84%B6%E5%85%AC%E5%9C%92%20%E5%8C%97%E6%8A%95%E5%8D%80%20%E8%87%BA%E5%8C%97%E5%B8%82 | J9: https://www.google.com/maps?q=25.119900,121.469700 | K9: P1｜擴充
A10: 22 | B10: 新北市 | C10: 中和區 | D10: 八二三紀念公園（四號公園） | E10: 25.0016 | F10: 121.5144 | G10: C｜Google Maps 需人工選定主地標 | H10: 複合／多園區地標 | I10: https://www.google.com/maps/search/?api=1&query=%E5%85%AB%E4%BA%8C%E4%B8%89%E7%B4%80%E5%BF%B5%E5%85%AC%E5%9C%92%EF%BC%88%E5%9B%9B%E8%99%9F%E5%85%AC%E5%9C%92%EF%BC%89%20%E4%B8%AD%E5%92%8C%E5%8D%80%20%E6%96%B0%E5%8C%97%E5%B8%82 | J10: https://www.google.com/maps?q=25.001600,121.514400 | K10: P0｜核心
A11: 23 | B11: 新北市 | C11: 板橋區 | D11: 新板萬坪都會公園 | E11: 25.0126 | F11: 121.4628 | G11: B｜Google Maps 名稱搜尋待核對 | H11: 單一公園 POI | I11: https://www.google.com/maps/search/?api=1&query=%E6%96%B0%E6%9D%BF%E8%90%AC%E5%9D%AA%E9%83%BD%E6%9C%83%E5%85%AC%E5%9C%92%20%E6%9D%BF%E6%A9%8B%E5%8D%80%20%E6%96%B0%E5%8C%97%E5%B8%82 | J11: https://www.google.com/maps?q=25.012600,121.462800 | K11: P0｜核心
A12: 24 | B12: 新北市 | C12: 板橋區 | D12: 板橋435藝文特區戶外園區 | E12: 25.0238 | F12: 121.4515 | G12: B｜Google Maps 名稱搜尋待核對 | H12: 景區／公共園區 POI | I12: https://www.google.com/maps/search/?api=1&query=%E6%9D%BF%E6%A9%8B435%E8%97%9D%E6%96%87%E7%89%B9%E5%8D%80%E6%88%B6%E5%A4%96%E5%9C%92%E5%8D%80%20%E6%9D%BF%E6%A9%8B%E5%8D%80%20%E6%96%B0%E5%8C%97%E5%B8%82 | J12: https://www.google.com/maps?q=25.023800,121.451500 | K12: P1｜擴充
A13: 25 | B13: 新北市 | C13: 永和區 | D13: 仁愛公園 | E13: 25.0096 | F13: 121.509 | G13: B｜Google Maps 名稱搜尋待核對 | H13: 單一公園 POI | I13: https://www.google.com/maps/search/?api=1&query=%E4%BB%81%E6%84%9B%E5%85%AC%E5%9C%92%20%E6%B0%B8%E5%92%8C%E5%8D%80%20%E6%96%B0%E5%8C%97%E5%B8%82 | J13: https://www.google.com/maps?q=25.009600,121.509000 | K13: P1｜擴充
A14: 29 | B14: 新北市 | C14: 永和區 | D14: 綠寶石河濱公園 | E14: 25.0115 | F14: 121.5116 | G14: C｜Google Maps 需人工選定主地標 | H14: 線性／跨區場域代表點 | I14: https://www.google.com/maps/search/?api=1&query=%E7%B6%A0%E5%AF%B6%E7%9F%B3%E6%B2%B3%E6%BF%B1%E5%85%AC%E5%9C%92%20%E6%B0%B8%E5%92%8C%E5%8D%80%20%E6%96%B0%E5%8C%97%E5%B8%82 | J14: https://www.google.com/maps?q=25.011500,121.511600 | K14: P1｜擴充
... A186: 231 | B186: 連江縣 | C186: 南竿鄉 | D186: 馬祖民俗文物館園區 | E186: 26.1569 | F186: 119.9515 | G186: C｜Google Maps 優先複核 | H186: 景區／公共園區 POI | I186: https://www.google.com/maps/search/?api=1&query=%E9%A6%AC%E7%A5%96%E6%B0%91%E4%BF%97%E6%96%87%E7%89%A9%E9%A4%A8%E5%9C%92%E5%8D%80%20%E5%8D%97%E7%AB%BF%E9%84%89%20%E9%80%A3%E6%B1%9F%E7%B8%A3 | J186: https://www.google.com/maps?q=26.156900,119.951500 | K186: P1｜擴充

Sheet 新增六章節總表
A1: DOR｜城市探索 六大散步章節母清單｜150處｜Google Maps座標基準｜2026-07-13
A2: 地點ID | B2: 縣市 | C2: 行政區 | D2: 類型 | E2: 地點名稱 | F2: 打卡點定位 | G2: 緯度（WGS84） | H2: 經度（WGS84） | I2: 星等 | J2: 星等顯示 | K2: 熱門理由 | L2: 建議任務 | M2: 開放性備註 | N2: GPS半徑建議m | O2: 座標可信度 | P2: 座標設定說明 | Q2: 資料來源類型 | R2: 資料來源URL | S2: 整理日期 | T2: 主類別 | U2: 章節 | V2: 散步適合度 | W2: 建議時間 | X2: 建議距離km | Y2: 任務節點建議 | Z2: DOR收錄優先級 | AA2: Google Maps地標搜尋 | AB2: Google Maps座標檢視 | AC2: 座標場域類型 | AD2: 去重備註 | AE2: 與既有公園資料關係
A3: DOR-TPE-HIS-001 | B3: 臺北市 | C3: 大同區 | D3: 老街／歷史街區 | E3: 迪化街－年貨大街 | F3: Google Maps 街區主地標／主要入口代表點 | G3: 25.055104 | H3: 121.51003 | I3: 5 | J3: ★★★★★ | K3: 迪化街－年貨大街具街屋、巷弄、廟宇與地方生活集中，適合用步行解鎖城鎮記憶。 | L3: 迪化街－年貨大街散步任務｜完成街區主街、支巷與代表地標三段探索，拍攝一處建築細節並完成終點打卡。記錄一個只有步行時才會注意到的細節。 | M3: 公共街區為主；請注意車流、居民生活、商家營業時間及活動管制。 | N3: 200 | O3: B｜Google 場域代表點 | P3: 採觀光署景點資料之 Google 場域代表座標；歷史街區不應直接等同唯一 GPS 任務圓心，需再選定起點、途中節點與終點。 | Q3: 交通部觀光署觀光資訊資料庫（座標地圖以 Google 為主） | R3: https://data.gov.tw/dataset/7777 | S3: 2026-07-13 | T3: 城市散步 | U3: 01｜老街與歷史街區 | V3: 高 | W3: 40–60 分鐘 | X3: 1.8 | Y3: 街區入口或牌樓／主要街屋與支巷／歷史地標或終點廣場 | Z3: P0｜核心 | AA3: https://www.google.com/maps/search/?api=1&query=%E8%BF%AA%E5%8C%96%E8%A1%97%EF%BC%8D%E5%B9%B4%E8%B2%A8%E5%A4%A7%E8%A1%97%20%E5%A4%A7%E5%90%8C%E5%8D%80%20%E8%87%BA%E5%8C%97%E5%B8%82 | AB3: https://www.google.com/maps?q=25.055104,121.510030 | AC3: 街區／聚落代表點 | AD3: 新增六章節資料；正式合併 DOR 主表前，請以名稱、行政區及 300 公尺內座標進行去重。 | AE3: 否｜建議新增場域
A4: DOR-TPE-HIS-002 | B4: 臺北市 | C4: 萬華區 | D4: 老街／歷史街區 | E4: 剝皮寮老街 | F4: Google Maps 街區主地標／主要入口代表點 | G4: 25.036838 | H4: 121.50216 | I4: 5 | J4: ★★★★★ | K4: 剝皮寮老街具街屋、巷弄、廟宇與地方生活集中，適合用步行解鎖城鎮記憶。 | L4: 剝皮寮老街散步任務｜完成街區主街、支巷與代表地標三段探索，拍攝一處建築細節並完成終點打卡。以起點、途中與終點三張照片完成探索紀錄。 | M4: 公共街區為主；請注意車流、居民生活、商家營業時間及活動管制。 | N4: 200 | O4: B｜Google 場域代表點 | P4: 採觀光署景點資料之 Google 場域代表座標；歷史街區不應直接等同唯一 GPS 任務圓心，需再選定起點、途中節點與終點。 | Q4: 交通部觀光署觀光資訊資料庫（座標地圖以 Google 為主） | R4: https://data.gov.tw/dataset/7777 | S4: 2026-07-13 | T4: 城市散步 | U4: 01｜老街與歷史街區 | V4: 高 | W4: 40–60 分鐘 | X4: 1.8 | Y4: 街區入口或牌樓／主要街屋與支巷／歷史地標或終點廣場 | Z4: P0｜核心 | AA4: https://www.google.com/maps/search/?api=1&query=%E5%89%9D%E7%9A%AE%E5%AF%AE%E8%80%81%E8%A1%97%20%E8%90%AC%E8%8F%AF%E5%8D%80%20%E8%87%BA%E5%8C%97%E5%B8%82 | AB4: https://www.google.com/maps?q=25.036838,121.502160 | AC4: 街區／聚落代表點 | AD4: 新增六章節資料；正式合併 DOR 主表前，請以名稱、行政區及 300 公尺內座標進行去重。 | AE4: 否｜建議新增場域
A5: DOR-NTP-HIS-001 | B5: 新北市 | C5: 瑞芳區 | D5: 老街／歷史街區 | E5: 九份 | F5: Google Maps 街區主地標／主要入口代表點 | G5: 25.109819 | H5: 121.84341 | I5: 5 | J5: ★★★★★ | K5: 九份具街屋、巷弄、廟宇與地方生活集中，適合用步行解鎖城鎮記憶。 | L5: 九份散步任務｜完成街區主街、支巷與代表地標三段探索，拍攝一處建築細節並完成終點打卡。在終點回答一題與場域故事有關的問題。 | M5: 公共街區為主；請注意車流、居民生活、商家營業時間及活動管制。 | N5: 200 | O5: B｜Google 場域代表點 | P5: 採觀光署景點資料之 Google 場域代表座標；歷史街區不應直接等同唯一 GPS 任務圓心，需再選定起點、途中節點與終點。 | Q5: 交通部觀光署觀光資訊資料庫（座標地圖以 Google 為主） | R5: https://data.gov.tw/dataset/7777 | S5: 2026-07-13 | T5: 城市散步 | U5: 01｜老街與歷史街區 | V5: 高 | W5: 40–60 分鐘 | X5: 1.8 | Y5: 街區入口或牌樓／主要街屋與支巷／歷史地標或終點廣場 | Z5: P0｜核心 | AA5: https://www.google.com/maps/search/?api=1&query=%E4%B9%9D%E4%BB%BD%20%E7%91%9E%E8%8A%B3%E5%8D%80%20%E6%96%B0%E5%8C%97%E5%B8%82 | AB5: https://www.google.com/maps?q=25.109819,121.843410 | AC5: 街區／聚落代表點 | AD5: 新增六章節資料；正式合併 DOR 主表前，請以名稱、行政區及 300 公尺內座標進行去重。 | AE5: 否｜建議新增場域
A6: DOR-NTP-HIS-002 | B6: 新北市 | C6: 淡水區 | D6: 老街／歷史街區 | E6: 淡水老街 | F6: Google Maps 街區主地標／主要入口代表點 | G6: 25.171038 | H6: 121.43895 | I6: 5 | J6: ★★★★★ | K6: 淡水老街具街屋、巷弄、廟宇與地方生活集中，適合用步行解鎖城鎮記憶。 | L6: 淡水老街散步任務｜完成街區主街、支巷與代表地標三段探索，拍攝一處建築細節並完成終點打卡。沿途至少完成三個檢查點。 | M6: 公共街區為主；請注意車流、居民生活、商家營業時間及活動管制。 | N6: 200 | O6: B｜Google 場域代表點 | P6: 採觀光署景點資料之 Google 場域代表座標；歷史街區不應直接等同唯一 GPS 任務圓心，需再選定起點、途中節點與終點。 | Q6: 交通部觀光署觀光資訊資料庫（座標地圖以 Google 為主） | R6: https://data.gov.tw/dataset/7777 | S6: 2026-07-13 | T6: 城市散步 | U6: 01｜老街與歷史街區 | V6: 高 | W6: 40–60 分鐘 | X6: 1.8 | Y6: 街區入口或牌樓／主要街屋與支巷／歷史地標或終點廣場 | Z6: P0｜核心 | AA6: https://www.google.com/maps/search/?api=1&query=%E6%B7%A1%E6%B0%B4%E8%80%81%E8%A1%97%20%E6%B7%A1%E6%B0%B4%E5%8D%80%20%E6%96%B0%E5%8C%97%E5%B8%82 | AB6: https://www.google.com/maps?q=25.171038,121.438950 | AC6: 街區／聚落代表點 | AD6: 新增六章節資料；正式合併 DOR 主表前，請以名稱、行政區及 300 公尺內座標進行去重。 | AE6: 否｜建議新增場域
A7: DOR-NTP-HIS-003 | B7: 新北市 | C7: 三峽區 | D7: 老街／歷史街區 | E7: 三峽老街 | F7: Google Maps 街區主地標／主要入口代表點 | G7: 24.934516 | H7: 121.37029 | I7: 5 | J7: ★★★★★ | K7: 三峽老街具街屋、巷弄、廟宇與地方生活集中，適合用步行解鎖城鎮記憶。 | L7: 三峽老街散步任務｜完成街區主街、支巷與代表地標三段探索，拍攝一處建築細節並完成終點打卡。記錄一個只有步行時才會注意到的細節。 | M7: 公共街區為主；請注意車流、居民生活、商家營業時間及活動管制。 | N7: 200 | O7: B｜Google 場域代表點 | P7: 採觀光署景點資料之 Google 場域代表座標；歷史街區不應直接等同唯一 GPS 任務圓心，需再選定起點、途中節點與終點。 | Q7: 交通部觀光署觀光資訊資料庫（座標地圖以 Google 為主） | R7: https://data.gov.tw/dataset/7777 | S7: 2026-07-13 | T7: 城市散步 | U7: 01｜老街與歷史街區 | V7: 高 | W7: 40–60 分鐘 | X7: 1.8 | Y7: 街區入口或牌樓／主要街屋與支巷／歷史地標或終點廣場 | Z7: P0｜核心 | AA7: https://www.google.com/maps/search/?api=1&query=%E4%B8%89%E5%B3%BD%E8%80%81%E8%A1%97%20%E4%B8%89%E5%B3%BD%E5%8D%80%20%E6%96%B0%E5%8C%97%E5%B8%82 | AB7: https://www.google.com/maps?q=24.934516,121.370290 | AC7: 街區／聚落代表點 | AD7: 新增六章節資料；正式合併 DOR 主表前，請以名稱、行政區及 300 公尺內座標進行去重。 | AE7: 否｜建議新增場域
A8: DOR-NTP-HIS-004 | B8: 新北市 | C8: 金山區 | D8: 老街／歷史街區 | E8: 金山老街（金包里老街） | F8: Google Maps 街區主地標／主要入口代表點 | G8: 25.221824 | H8: 121.63826 | I8: 4 | J8: ★★★★☆ | K8: 金山老街（金包里老街）具街屋、巷弄、廟宇與地方生活集中，適合用步行解鎖城鎮記憶。 | L8: 金山老街（金包里老街）散步任務｜完成街區主街、支巷與代表地標三段探索，拍攝一處建築細節並完成終點打卡。以起點、途中與終點三張照片完成探索紀錄。 | M8: 公共街區為主；請注意車流、居民生活、商家營業時間及活動管制。 | N8: 200 | O8: B｜Google 場域代表點 | P8: 採觀光署景點資料之 Google 場域代表座標；歷史街區不應直接等同唯一 GPS 任務圓心，需再選定起點、途中節點與終點。 | Q8: 交通部觀光署觀光資訊資料庫（座標地圖以 Google 為主） | R8: https://data.gov.tw/dataset/7777 | S8: 2026-07-13 | T8: 城市散步 | U8: 01｜老街與歷史街區 | V8: 高 | W8: 40–60 分鐘 | X8: 1.8 | Y8: 街區入口或牌樓／主要街屋與支巷／歷史地標或終點廣場 | Z8: P1｜擴充 | AA8: https://www.google.com/maps/search/?api=1&query=%E9%87%91%E5%B1%B1%E8%80%81%E8%A1%97%EF%BC%88%E9%87%91%E5%8C%85%E9%87%8C%E8%80%81%E8%A1%97%EF%BC%89%20%E9%87%91%E5%B1%B1%E5%8D%80%20%E6%96%B0%E5%8C%97%E5%B8%82 | AB8: https://www.google.com/maps?q=25.221824,121.638260 | AC8: 街區／聚落代表點 | AD8: 新增六章節資料；正式合併 DOR 主表前，請以名稱、行政區及 300 公尺內座標進行去重。 | AE8: 否｜建議新增場域
A9: DOR-NTP-HIS-005 | B9: 新北市 | C9: 深坑區 | D9: 老街／歷史街區 | E9: 深坑老街 | F9: Google Maps 街區主地標／主要入口代表點 | G9: 25.001691 | H9: 121.61473 | I9: 4 | J9: ★★★★☆ | K9: 深坑老街具街屋、巷弄、廟宇與地方生活集中，適合用步行解鎖城鎮記憶。 | L9: 深坑老街散步任務｜完成街區主街、支巷與代表地標三段探索，拍攝一處建築細節並完成終點打卡。在終點回答一題與場域故事有關的問題。 | M9: 公共街區為主；請注意車流、居民生活、商家營業時間及活動管制。 | N9: 200 | O9: B｜Google 場域代表點 | P9: 採觀光署景點資料之 Google 場域代表座標；歷史街區不應直接等同唯一 GPS 任務圓心，需再選定起點、途中節點與終點。 | Q9: 交通部觀光署觀光資訊資料庫（座標地圖以 Google 為主） | R9: https://data.gov.tw/dataset/7777 | S9: 2026-07-13 | T9: 城市散步 | U9: 01｜老街與歷史街區 | V9: 高 | W9: 40–60 分鐘 | X9: 1.8 | Y9: 街區入口或牌樓／主要街屋與支巷／歷史地標或終點廣場 | Z9: P1｜擴充 | AA9: https://www.google.com/maps/search/?api=1&query=%E6%B7%B1%E5%9D%91%E8%80%81%E8%A1%97%20%E6%B7%B1%E5%9D%91%E5%8D%80%20%E6%96%B0%E5%8C%97%E5%B8%82 | AB9: https://www.google.com/maps?q=25.001691,121.614730 | AC9: 街區／聚落代表點 | AD9: 新增六章節資料；正式合併 DOR 主表前，請以名稱、行政區及 300 公尺內座標進行去重。 | AE9: 否｜建議新增場域
A10: DOR-TAO-HIS-001 | B10: 桃園市 | C10: 大溪區 | D10: 老街／歷史街區 | E10: 大溪老街 | F10: Google Maps 街區主地標／主要入口代表點 | G10: 24.885186 | H10: 121.28747 | I10: 5 | J10: ★★★★★ | K10: 大溪老街具街屋、巷弄、廟宇與地方生活集中，適合用步行解鎖城鎮記憶。 | L10: 大溪老街散步任務｜完成街區主街、支巷與代表地標三段探索，拍攝一處建築細節並完成終點打卡。沿途至少完成三個檢查點。 | M10: 公共街區為主；請注意車流、居民生活、商家營業時間及活動管制。 | N10: 200 | O10: B｜Google 場域代表點 | P10: 採觀光署景點資料之 Google 場域代表座標；歷史街區不應直接等同唯一 GPS 任務圓心，需再選定起點、途中節點與終點。 | Q10: 交通部觀光署觀光資訊資料庫（座標地圖以 Google 為主） | R10: https://data.gov.tw/dataset/7777 | S10: 2026-07-13 | T10: 城市散步 | U10: 01｜老街與歷史街區 | V10: 高 | W10: 40–60 分鐘 | X10: 1.8 | Y10: 街區入口或牌樓／主要街屋與支巷／歷史地標或終點廣場 | Z10: P0｜核心 | AA10: https://www.google.com/maps/search/?api=1&query=%E5%A4%A7%E6%BA%AA%E8%80%81%E8%A1%97%20%E5%A4%A7%E6%BA%AA%E5%8D%80%20%E6%A1%83%E5%9C%92%E5%B8%82 | AB10: https://www.google.com/maps?q=24.885186,121.287470 | AC10: 街區／聚落代表點 | AD10: 新增六章節資料；正式合併 DOR 主表前，請以名稱、行政區及 300 公尺內座標進行去重。 | AE10: 否｜建議新增場域
A11: DOR-TAO-HIS-002 | B11: 桃園市 | C11: 龍潭區 | D11: 老街／歷史街區 | E11: 三坑老街 | F11: Google Maps 街區主地標／主要入口代表點 | G11: 24.843865 | H11: 121.24799 | I11: 4 | J11: ★★★★☆ | K11: 三坑老街具街屋、巷弄、廟宇與地方生活集中，適合用步行解鎖城鎮記憶。 | L11: 三坑老街散步任務｜完成街區主街、支巷與代表地標三段探索，拍攝一處建築細節並完成終點打卡。記錄一個只有步行時才會注意到的細節。 | M11: 公共街區為主；請注意車流、居民生活、商家營業時間及活動管制。 | N11: 200 | O11: B｜Google 場域代表點 | P11: 採觀光署景點資料之 Google 場域代表座標；歷史街區不應直接等同唯一 GPS 任務圓心，需再選定起點、途中節點與終點。 | Q11: 交通部觀光署觀光資訊資料庫（座標地圖以 Google 為主） | R11: https://data.gov.tw/dataset/7777 | S11: 2026-07-13 | T11: 城市散步 | U11: 01｜老街與歷史街區 | V11: 高 | W11: 40–60 分鐘 | X11: 1.8 | Y11: 街區入口或牌樓／主要街屋與支巷／歷史地標或終點廣場 | Z11: P1｜擴充 | AA11: https://www.google.com/maps/search/?api=1&query=%E4%B8%89%E5%9D%91%E8%80%81%E8%A1%97%20%E9%BE%8D%E6%BD%AD%E5%8D%80%20%E6%A1%83%E5%9C%92%E5%B8%82 | AB11: https://www.google.com/maps?q=24.843865,121.247990 | AC11: 街區／聚落代表點 | AD11: 新增六章節資料；正式合併 DOR 主表前，請以名稱、行政區及 300 公尺內座標進行去重。 | AE11: 否｜建議新增場域
A12: DOR-TAO-HIS-003 | B12: 桃園市 | C12: 楊梅區 | D12: 老街／歷史街區 | E12: 富岡老街 | F12: Google Maps 街區主地標／主要入口代表點 | G12: 24.936328 | H12: 121.08243 | I12: 4 | J12: ★★★★☆ | K12: 富岡老街具街屋、巷弄、廟宇與地方生活集中，適合用步行解鎖城鎮記憶。 | L12: 富岡老街散步任務｜完成街區主街、支巷與代表地標三段探索，拍攝一處建築細節並完成終點打卡。以起點、途中與終點三張照片完成探索紀錄。 | M12: 公共街區為主；請注意車流、居民生活、商家營業時間及活動管制。 | N12: 200 | O12: B｜Google 場域代表點 | P12: 採觀光署景點資料之 Google 場域代表座標；歷史街區不應直接等同唯一 GPS 任務圓心，需再選定起點、途中節點與終點。 | Q12: 交通部觀光署觀光資訊資料庫（座標地圖以 Google 為主） | R12: https://data.gov.tw/dataset/7777 | S12: 2026-07-13 | T12: 城市散步 | U12: 01｜老街與歷史街區 | V12: 高 | W12: 40–60 分鐘 | X12: 1.8 | Y12: 街區入口或牌樓／主要街屋與支巷／歷史地標或終點廣場 | Z12: P1｜擴充 | AA12: https://www.google.com/maps/search/?api=1&query=%E5%AF%8C%E5%B2%A1%E8%80%81%E8%A1%97%20%E6%A5%8A%E6%A2%85%E5%8D%80%20%E6%A1%83%E5%9C%92%E5%B8%82 | AB12: https://www.google.com/maps?q=24.936328,121.082430 | AC12: 街區／聚落代表點 | AD12: 新增六章節資料；正式合併 DOR 主表前，請以名稱、行政區及 300 公尺內座標進行去重。 | AE12: 否｜建議新增場域
A13: DOR-HSQ-HIS-001 | B13: 新竹縣 | C13: 北埔鄉 | D13: 老街／歷史街區 | E13: 北埔老街 | F13: Google Maps 街區主地標／主要入口代表點 | G13: 24.699816 | H13: 121.05722 | I13: 5 | J13: ★★★★★ | K13: 北埔老街具街屋、巷弄、廟宇與地方生活集中，適合用步行解鎖城鎮記憶。 | L13: 北埔老街散步任務｜完成街區主街、支巷與代表地標三段探索，拍攝一處建築細節並完成終點打卡。在終點回答一題與場域故事有關的問題。 | M13: 公共街區為主；請注意車流、居民生活、商家營業時間及活動管制。 | N13: 200 | O13: B｜Google 場域代表點 | P13: 採觀光署景點資料之 Google 場域代表座標；歷史街區不應直接等同唯一 GPS 任務圓心，需再選定起點、途中節點與終點。 | Q13: 交通部觀光署觀光資訊資料庫（座標地圖以 Google 為主） | R13: https://data.gov.tw/dataset/7777 | S13: 2026-07-13 | T13: 城市散步 | U13: 01｜老街與歷史街區 | V13: 高 | W13: 40–60 分鐘 | X13: 1.8 | Y13: 街區入口或牌樓／主要街屋與支巷／歷史地標或終點廣場 | Z13: P0｜核心 | AA13: https://www.google.com/maps/search/?api=1&query=%E5%8C%97%E5%9F%94%E8%80%81%E8%A1%97%20%E5%8C%97%E5%9F%94%E9%84%89%20%E6%96%B0%E7%AB%B9%E7%B8%A3 | AB13: https://www.google.com/maps?q=24.699816,121.057220 | AC13: 街區／聚落代表點 | AD13: 新增六章節資料；正式合併 DOR 主表前，請以名稱、行政區及 300 公尺內座標進行去重。 | AE13: 否｜建議新增場域
A14: DOR-HSQ-HIS-002 | B14: 新竹縣 | C14: 湖口鄉 | D14: 老街／歷史街區 | E14: 湖口老街 | F14: Google Maps 街區主地標／主要入口代表點 | G14: 24.876872 | H14: 121.05514 | I14: 4 | J14: ★★★★☆ | K14: 湖口老街具街屋、巷弄、廟宇與地方生活集中，適合用步行解鎖城鎮記憶。 | L14: 湖口老街散步任務｜完成街區主街、支巷與代表地標三段探索，拍攝一處建築細節並完成終點打卡。沿途至少完成三個檢查點。 | M14: 公共街區為主；請注意車流、居民生活、商家營業時間及活動管制。 | N14: 200 | O14: B｜Google 場域代表點 | P14: 採觀光署景點資料之 Google 場域代表座標；歷史街區不應直接等同唯一 GPS 任務圓心，需再選定起點、途中節點與終點。 | Q14: 交通部觀光署觀光資訊資料庫（座標地圖以 Google 為主） | R14: https://data.gov.tw/dataset/7777 | S14: 2026-07-13 | T14: 城市散步 | U14: 01｜老街與歷史街區 | V14: 高 | W14: 40–60 分鐘 | X14: 1.8 | Y14: 街區入口或牌樓／主要街屋與支巷／歷史地標或終點廣場 | Z14: P1｜擴充 | AA14: https://www.google.com/maps/search/?api=1&query=%E6%B9%96%E5%8F%A3%E8%80%81%E8%A1%97%20%E6%B9%96%E5%8F%A3%E9%84%89%20%E6%96%B0%E7%AB%B9%E7%B8%A3 | AB14: https://www.google.com/maps?q=24.876872,121.055140 | AC14: 街區／聚落代表點 | AD14: 新增六章節資料；正式合併 DOR 主表前，請以名稱、行政區及 300 公尺內座標進行去重。 | AE14: 否｜建議新增場域
... A152: DOR-TTT-ART-001 | B152: 臺東縣 | C152: 臺東市 | D152: 公共藝術／特色建築 | E152: 卑南遺址公園 | F152: 建築主入口／公共藝術核心地標 | G152: 22.792165 | H152: 121.11593 | I152: 5 | J152: ★★★★★ | K152: 卑南遺址公園具建築輪廓、公共藝術與觀看角度具高度分享性，適合觀察與拍照型探索。 | L152: 卑南遺址公園散步任務｜完成建築外觀巡遊，尋找一件公共藝術或特色細節，從指定角度拍照後終點打卡。記錄一個只有步行時才會注意到的細節。 | M152: 戶外空間優先；室內展館需確認開放時間、門票、拍攝與活動管制。 | N152: 120 | O152: A｜觀光署 Google 基準 POI | P152: 採觀光署景點資料之 Google 基準 POI 座標；正式上線前仍應確認圖釘名稱、入口與實際步行動線。 | Q152: 交通部觀光署觀光資訊資料庫（座標地圖以 Google 為主） | R152: https://data.gov.tw/dataset/7777 | S152: 2026-07-13 | T152: 城市散步 | U152: 06｜公共藝術與特色建築 | V152: 高 | W152: 35–60 分鐘 | X152: 1.5 | Y152: 主入口或建築正面／公共藝術或立面細節／最佳觀看角度或廣場終點 | Z152: P0｜核心 | AA152: https://www.google.com/maps/search/?api=1&query=%E5%8D%91%E5%8D%97%E9%81%BA%E5%9D%80%E5%85%AC%E5%9C%92%20%E8%87%BA%E6%9D%B1%E5%B8%82%20%E8%87%BA%E6%9D%B1%E7%B8%A3 | AB152: https://www.google.com/maps?q=22.792165,121.115930 | AC152: 建築／公共藝術 POI | AD152: 新增六章節資料；正式合併 DOR 主表前，請以名稱、行政區及 300 公尺內座標進行去重。 | AE152: 否｜建議新增場域

Sheet 01老街歷史街區
A1: DOR｜城市探索 01｜老街與歷史街區｜共 25 處
A2: 地點ID | B2: 縣市 | C2: 行政區 | D2: 類型 | E2: 地點名稱 | F2: 打卡點定位 | G2: 緯度（WGS84） | H2: 經度（WGS84） | I2: 星等 | J2: 星等顯示 | K2: 熱門理由 | L2: 建議任務 | M2: 開放性備註 | N2: GPS半徑建議m | O2: 座標可信度 | P2: 座標設定說明 | Q2: 資料來源類型 | R2: 資料來源URL | S2: 整理日期 | T2: 主類別 | U2: 章節 | V2: 散步適合度 | W2: 建議時間 | X2: 建議距離km | Y2: 任務節點建議 | Z2: DOR收錄優先級 | AA2: Google Maps地標搜尋 | AB2: Google Maps座標檢視 | AC2: 座標場域類型 | AD2: 去重備註 | AE2: 與既有公園資料關係
A3: DOR-TPE-HIS-001 | B3: 臺北市 | C3: 大同區 | D3: 老街／歷史街區 | E3: 迪化街－年貨大街 | F3: Google Maps 街區主地標／主要入口代表點 | G3: 25.055104 | H3: 121.51003 | I3: 5 | J3: ★★★★★ | K3: 迪化街－年貨大街具街屋、巷弄、廟宇與地方生活集中，適合用步行解鎖城鎮記憶。 | L3: 迪化街－年貨大街散步任務｜完成街區主街、支巷與代表地標三段探索，拍攝一處建築細節並完成終點打卡。記錄一個只有步行時才會注意到的細節。 | M3: 公共街區為主；請注意車流、居民生活、商家營業時間及活動管制。 | N3: 200 | O3: B｜Google 場域代表點 | P3: 採觀光署景點資料之 Google 場域代表座標；歷史街區不應直接等同唯一 GPS 任務圓心，需再選定起點、途中節點與終點。 | Q3: 交通部觀光署觀光資訊資料庫（座標地圖以 Google 為主） | R3: https://data.gov.tw/dataset/7777 | S3: 2026-07-13 | T3: 城市散步 | U3: 01｜老街與歷史街區 | V3: 高 | W3: 40–60 分鐘 | X3: 1.8 | Y3: 街區入口或牌樓／主要街屋與支巷／歷史地標或終點廣場 | Z3: P0｜核心 | AA3: https://www.google.com/maps/search/?api=1&query=%E8%BF%AA%E5%8C%96%E8%A1%97%EF%BC%8D%E5%B9%B4%E8%B2%A8%E5%A4%A7%E8%A1%97%20%E5%A4%A7%E5%90%8C%E5%8D%80%20%E8%87%BA%E5%8C%97%E5%B8%82 | AB3: https://www.google.com/maps?q=25.055104,121.510030 | AC3: 街區／聚落代表點 | AD3: 新增六章節資料；正式合併 DOR 主表前，請以名稱、行政區及 300 公尺內座標進行去重。 | AE3: 否｜建議新增場域
A4: DOR-TPE-HIS-002 | B4: 臺北市 | C4: 萬華區 | D4: 老街／歷史街區 | E4: 剝皮寮老街 | F4: Google Maps 街區主地標／主要入口代表點 | G4: 25.036838 | H4: 121.50216 | I4: 5 | J4: ★★★★★ | K4: 剝皮寮老街具街屋、巷弄、廟宇與地方生活集中，適合用步行解鎖城鎮記憶。 | L4: 剝皮寮老街散步任務｜完成街區主街、支巷與代表地標三段探索，拍攝一處建築細節並完成終點打卡。以起點、途中與終點三張照片完成探索紀錄。 | M4: 公共街區為主；請注意車流、居民生活、商家營業時間及活動管制。 | N4: 200 | O4: B｜Google 場域代表點 | P4: 採觀光署景點資料之 Google 場域代表座標；歷史街區不應直接等同唯一 GPS 任務圓心，需再選定起點、途中節點與終點。 | Q4: 交通部觀光署觀光資訊資料庫（座標地圖以 Google 為主） | R4: https://data.gov.tw/dataset/7777 | S4: 2026-07-13 | T4: 城市散步 | U4: 01｜老街與歷史街區 | V4: 高 | W4: 40–60 分鐘 | X4: 1.8 | Y4: 街區入口或牌樓／主要街屋與支巷／歷史地標或終點廣場 | Z4: P0｜核心 | AA4: https://www.google.com/maps/search/?api=1&query=%E5%89%9D%E7%9A%AE%E5%AF%AE%E8%80%81%E8%A1%97%20%E8%90%AC%E8%8F%AF%E5%8D%80%20%E8%87%BA%E5%8C%97%E5%B8%82 | AB4: https://www.google.com/maps?q=25.036838,121.502160 | AC4: 街區／聚落代表點 | AD4: 新增六章節資料；正式合併 DOR 主表前，請以名稱、行政區及 300 公尺內座標進行去重。 | AE4: 否｜建議新增場域
A5: DOR-NTP-HIS-001 | B5: 新北市 | C5: 瑞芳區 | D5: 老街／歷史街區 | E5: 九份 | F5: Google Maps 街區主地標／主要入口代表點 | G5: 25.109819 | H5: 121.84341 | I5: 5 | J5: ★★★★★ | K5: 九份具街屋、巷弄、廟宇與地方生活集中，適合用步行解鎖城鎮記憶。 | L5: 九份散步任務｜完成街區主街、支巷與代表地標三段探索，拍攝一處建築細節並完成終點打卡。在終點回答一題與場域故事有關的問題。 | M5: 公共街區為主；請注意車流、居民生活、商家營業時間及活動管制。 | N5: 200 | O5: B｜Google 場域代表點 | P5: 採觀光署景點資料之 Google 場域代表座標；歷史街區不應直接等同唯一 GPS 任務圓心，需再選定起點、途中節點與終點。 | Q5: 交通部觀光署觀光資訊資料庫（座標地圖以 Google 為主） | R5: https://data.gov.tw/dataset/7777 | S5: 2026-07-13 | T5: 城市散步 | U5: 01｜老街與歷史街區 | V5: 高 | W5: 40–60 分鐘 | X5: 1.8 | Y5: 街區入口或牌樓／主要街屋與支巷／歷史地標或終點廣場 | Z5: P0｜核心 | AA5: https://www.google.com/maps/search/?api=1&query=%E4%B9%9D%E4%BB%BD%20%E7%91%9E%E8%8A%B3%E5%8D%80%20%E6%96%B0%E5%8C%97%E5%B8%82 | AB5: https://www.google.com/maps?q=25.109819,121.843410 | AC5: 街區／聚落代表點 | AD5: 新增六章節資料；正式合併 DOR 主表前，請以名稱、行政區及 300 公尺內座標進行去重。 | AE5: 否｜建議新增場域
A6: DOR-NTP-HIS-002 | B6: 新北市 | C6: 淡水區 | D6: 老街／歷史街區 | E6: 淡水老街 | F6: Google Maps 街區主地標／主要入口代表點 | G6: 25.171038 | H6: 121.43895 | I6: 5 | J6: ★★★★★ | K6: 淡水老街具街屋、巷弄、廟宇與地方生活集中，適合用步行解鎖城鎮記憶。 | L6: 淡水老街散步任務｜完成街區主街、支巷與代表地標三段探索，拍攝一處建築細節並完成終點打卡。沿途至少完成三個檢查點。 | M6: 公共街區為主；請注意車流、居民生活、商家營業時間及活動管制。 | N6: 200 | O6: B｜Google 場域代表點 | P6: 採觀光署景點資料之 Google 場域代表座標；歷史街區不應直接等同唯一 GPS 任務圓心，需再選定起點、途中節點與終點。 | Q6: 交通部觀光署觀光資訊資料庫（座標地圖以 Google 為主） | R6: https://data.gov.tw/dataset/7777 | S6: 2026-07-13 | T6: 城市散步 | U6: 01｜老街與歷史街區 | V6: 高 | W6: 40–60 分鐘 | X6: 1.8 | Y6: 街區入口或牌樓／主要街屋與支巷／歷史地標或終點廣場 | Z6: P0｜核心 | AA6: https://www.google.com/maps/search/?api=1&query=%E6%B7%A1%E6%B0%B4%E8%80%81%E8%A1%97%20%E6%B7%A1%E6%B0%B4%E5%8D%80%20%E6%96%B0%E5%8C%97%E5%B8%82 | AB6: https://www.google.com/maps?q=25.171038,121.438950 | AC6: 街區／聚落代表點 | AD6: 新增六章節資料；正式合併 DOR 主表前，請以名稱、行政區及 300 公尺內座標進行去重。 | AE6: 否｜建議新增場域
A7: DOR-NTP-HIS-003 | B7: 新北市 | C7: 三峽區 | D7: 老街／歷史街區 | E7: 三峽老街 | F7: Google Maps 街區主地標／主要入口代表點 | G7: 24.934516 | H7: 121.37029 | I7: 5 | J7: ★★★★★ | K7: 三峽老街具街屋、巷弄、廟宇與地方生活集中，適合用步行解鎖城鎮記憶。 | L7: 三峽老街散步任務｜完成街區主街、支巷與代表地標三段探索，拍攝一處建築細節並完成終點打卡。記錄一個只有步行時才會注意到的細節。 | M7: 公共街區為主；請注意車流、居民生活、商家營業時間及活動管制。 | N7: 200 | O7: B｜Google 場域代表點 | P7: 採觀光署景點資料之 Google 場域代表座標；歷史街區不應直接等同唯一 GPS 任務圓心，需再選定起點、途中節點與終點。 | Q7: 交通部觀光署觀光資訊資料庫（座標地圖以 Google 為主） | R7: https://data.gov.tw/dataset/7777 | S7: 2026-07-13 | T7: 城市散步 | U7: 01｜老街與歷史街區 | V7: 高 | W7: 40–60 分鐘 | X7: 1.8 | Y7: 街區入口或牌樓／主要街屋與支巷／歷史地標或終點廣場 | Z7: P0｜核心 | AA7: https://www.google.com/maps/search/?api=1&query=%E4%B8%89%E5%B3%BD%E8%80%81%E8%A1%97%20%E4%B8%89%E5%B3%BD%E5%8D%80%20%E6%96%B0%E5%8C%97%E5%B8%82 | AB7: https://www.google.com/maps?q=24.934516,121.370290 | AC7: 街區／聚落代表點 | AD7: 新增六章節資料；正式合併 DOR 主表前，請以名稱、行政區及 300 公尺內座標進行去重。 | AE7: 否｜建議新增場域
A8: DOR-NTP-HIS-004 | B8: 新北市 | C8: 金山區 | D8: 老街／歷史街區 | E8: 金山老街（金包里老街） | F8: Google Maps 街區主地標／主要入口代表點 | G8: 25.221824 | H8: 121.63826 | I8: 4 | J8: ★★★★☆ | K8: 金山老街（金包里老街）具街屋、巷弄、廟宇與地方生活集中，適合用步行解鎖城鎮記憶。 | L8: 金山老街（金包里老街）散步任務｜完成街區主街、支巷與代表地標三段探索，拍攝一處建築細節並完成終點打卡。以起點、途中與終點三張照片完成探索紀錄。 | M8: 公共街區為主；請注意車流、居民生活、商家營業時間及活動管制。 | N8: 200 | O8: B｜Google 場域代表點 | P8: 採觀光署景點資料之 Google 場域代表座標；歷史街區不應直接等同唯一 GPS 任務圓心，需再選定起點、途中節點與終點。 | Q8: 交通部觀光署觀光資訊資料庫（座標地圖以 Google 為主） | R8: https://data.gov.tw/dataset/7777 | S8: 2026-07-13 | T8: 城市散步 | U8: 01｜老街與歷史街區 | V8: 高 | W8: 40–60 分鐘 | X8: 1.8 | Y8: 街區入口或牌樓／主要街屋與支巷／歷史地標或終點廣場 | Z8: P1｜擴充 | AA8: https://www.google.com/maps/search/?api=1&query=%E9%87%91%E5%B1%B1%E8%80%81%E8%A1%97%EF%BC%88%E9%87%91%E5%8C%85%E9%87%8C%E8%80%81%E8%A1%97%EF%BC%89%20%E9%87%91%E5%B1%B1%E5%8D%80%20%E6%96%B0%E5%8C%97%E5%B8%82 | AB8: https://www.google.com/maps?q=25.221824,121.638260 | AC8: 街區／聚落代表點 | AD8: 新增六章節資料；正式合併 DOR 主表前，請以名稱、行政區及 300 公尺內座標進行去重。 | AE8: 否｜建議新增場域
A9: DOR-NTP-HIS-005 | B9: 新北市 | C9: 深坑區 | D9: 老街／歷史街區 | E9: 深坑老街 | F9: Google Maps 街區主地標／主要入口代表點 | G9: 25.001691 | H9: 121.61473 | I9: 4 | J9: ★★★★☆ | K9: 深坑老街具街屋、巷弄、廟宇與地方生活集中，適合用步行解鎖城鎮記憶。 | L9: 深坑老街散步任務｜完成街區主街、支巷與代表地標三段探索，拍攝一處建築細節並完成終點打卡。在終點回答一題與場域故事有關的問題。 | M9: 公共街區為主；請注意車流、居民生活、商家營業時間及活動管制。 | N9: 200 | O9: B｜Google 場域代表點 | P9: 採觀光署景點資料之 Google 場域代表座標；歷史街區不應直接等同唯一 GPS 任務圓心，需再選定起點、途中節點與終點。 | Q9: 交通部觀光署觀光資訊資料庫（座標地圖以 Google 為主） | R9: https://data.gov.tw/dataset/7777 | S9: 2026-07-13 | T9: 城市散步 | U9: 01｜老街與歷史街區 | V9: 高 | W9: 40–60 分鐘 | X9: 1.8 | Y9: 街區入口或牌樓／主要街屋與支巷／歷史地標或終點廣場 | Z9: P1｜擴充 | AA9: https://www.google.com/maps/search/?api=1&query=%E6%B7%B1%E5%9D%91%E8%80%81%E8%A1%97%20%E6%B7%B1%E5%9D%91%E5%8D%80%20%E6%96%B0%E5%8C%97%E5%B8%82 | AB9: https://www.google.com/maps?q=25.001691,121.614730 | AC9: 街區／聚落代表點 | AD9: 新增六章節資料；正式合併 DOR 主表前，請以名稱、行政區及 300 公尺內座標進行去重。 | AE9: 否｜建議新增場域
A10: DOR-TAO-HIS-001 | B10: 桃園市 | C10: 大溪區 | D10: 老街／歷史街區 | E10: 大溪老街 | F10: Google Maps 街區主地標／主要入口代表點 | G10: 24.885186 | H10: 121.28747 | I10: 5 | J10: ★★★★★ | K10: 大溪老街具街屋、巷弄、廟宇與地方生活集中，適合用步行解鎖城鎮記憶。 | L10: 大溪老街散步任務｜完成街區主街、支巷與代表地標三段探索，拍攝一處建築細節並完成終點打卡。沿途至少完成三個檢查點。 | M10: 公共街區為主；請注意車流、居民生活、商家營業時間及活動管制。 | N10: 200 | O10: B｜Google 場域代表點 | P10: 採觀光署景點資料之 Google 場域代表座標；歷史街區不應直接等同唯一 GPS 任務圓心，需再選定起點、途中節點與終點。 | Q10: 交通部觀光署觀光資訊資料庫（座標地圖以 Google 為主） | R10: https://data.gov.tw/dataset/7777 | S10: 2026-07-13 | T10: 城市散步 | U10: 01｜老街與歷史街區 | V10: 高 | W10: 40–60 分鐘 | X10: 1.8 | Y10: 街區入口或牌樓／主要街屋與支巷／歷史地標或終點廣場 | Z10: P0｜核心 | AA10: https://www.google.com/maps/search/?api=1&query=%E5%A4%A7%E6%BA%AA%E8%80%81%E8%A1%97%20%E5%A4%A7%E6%BA%AA%E5%8D%80%20%E6%A1%83%E5%9C%92%E5%B8%82 | AB10: https://www.google.com/maps?q=24.885186,121.287470 | AC10: 街區／聚落代表點 | AD10: 新增六章節資料；正式合併 DOR 主表前，請以名稱、行政區及 300 公尺內座標進行去重。 | AE10: 否｜建議新增場域
A11: DOR-TAO-HIS-002 | B11: 桃園市 | C11: 龍潭區 | D11: 老街／歷史街區 | E11: 三坑老街 | F11: Google Maps 街區主地標／主要入口代表點 | G11: 24.843865 | H11: 121.24799 | I11: 4 | J11: ★★★★☆ | K11: 三坑老街具街屋、巷弄、廟宇與地方生活集中，適合用步行解鎖城鎮記憶。 | L11: 三坑老街散步任務｜完成街區主街、支巷與代表地標三段探索，拍攝一處建築細節並完成終點打卡。記錄一個只有步行時才會注意到的細節。 | M11: 公共街區為主；請注意車流、居民生活、商家營業時間及活動管制。 | N11: 200 | O11: B｜Google 場域代表點 | P11: 採觀光署景點資料之 Google 場域代表座標；歷史街區不應直接等同唯一 GPS 任務圓心，需再選定起點、途中節點與終點。 | Q11: 交通部觀光署觀光資訊資料庫（座標地圖以 Google 為主） | R11: https://data.gov.tw/dataset/7777 | S11: 2026-07-13 | T11: 城市散步 | U11: 01｜老街與歷史街區 | V11: 高 | W11: 40–60 分鐘 | X11: 1.8 | Y11: 街區入口或牌樓／主要街屋與支巷／歷史地標或終點廣場 | Z11: P1｜擴充 | AA11: https://www.google.com/maps/search/?api=1&query=%E4%B8%89%E5%9D%91%E8%80%81%E8%A1%97%20%E9%BE%8D%E6%BD%AD%E5%8D%80%20%E6%A1%83%E5%9C%92%E5%B8%82 | AB11: https://www.google.com/maps?q=24.843865,121.247990 | AC11: 街區／聚落代表點 | AD11: 新增六章節資料；正式合併 DOR 主表前，請以名稱、行政區及 300 公尺內座標進行去重。 | AE11: 否｜建議新增場域
A12: DOR-TAO-HIS-003 | B12: 桃園市 | C12: 楊梅區 | D12: 老街／歷史街區 | E12: 富岡老街 | F12: Google Maps 街區主地標／主要入口代表點 | G12: 24.936328 | H12: 121.08243 | I12: 4 | J12: ★★★★☆ | K12: 富岡老街具街屋、巷弄、廟宇與地方生活集中，適合用步行解鎖城鎮記憶。 | L12: 富岡老街散步任務｜完成街區主街、支巷與代表地標三段探索，拍攝一處建築細節並完成終點打卡。以起點、途中與終點三張照片完成探索紀錄。 | M12: 公共街區為主；請注意車流、居民生活、商家營業時間及活動管制。 | N12: 200 | O12: B｜Google 場域代表點 | P12: 採觀光署景點資料之 Google 場域代表座標；歷史街區不應直接等同唯一 GPS 任務圓心，需再選定起點、途中節點與終點。 | Q12: 交通部觀光署觀光資訊資料庫（座標地圖以 Google 為主） | R12: https://data.gov.tw/dataset/7777 | S12: 2026-07-13 | T12: 城市散步 | U12: 01｜老街與歷史街區 | V12: 高 | W12: 40–60 分鐘 | X12: 1.8 | Y12: 街區入口或牌樓／主要街屋與支巷／歷史地標或終點廣場 | Z12: P1｜擴充 | AA12: https://www.google.com/maps/search/?api=1&query=%E5%AF%8C%E5%B2%A1%E8%80%81%E8%A1%97%20%E6%A5%8A%E6%A2%85%E5%8D%80%20%E6%A1%83%E5%9C%92%E5%B8%82 | AB12: https://www.google.com/maps?q=24.936328,121.082430 | AC12: 街區／聚落代表點 | AD12: 新增六章節資料；正式合併 DOR 主表前，請以名稱、行政區及 300 公尺內座標進行去重。 | AE12: 否｜建議新增場域
A13: DOR-HSQ-HIS-001 | B13: 新竹縣 | C13: 北埔鄉 | D13: 老街／歷史街區 | E13: 北埔老街 | F13: Google Maps 街區主地標／主要入口代表點 | G13: 24.699816 | H13: 121.05722 | I13: 5 | J13: ★★★★★ | K13: 北埔老街具街屋、巷弄、廟宇與地方生活集中，適合用步行解鎖城鎮記憶。 | L13: 北埔老街散步任務｜完成街區主街、支巷與代表地標三段探索，拍攝一處建築細節並完成終點打卡。在終點回答一題與場域故事有關的問題。 | M13: 公共街區為主；請注意車流、居民生活、商家營業時間及活動管制。 | N13: 200 | O13: B｜Google 場域代表點 | P13: 採觀光署景點資料之 Google 場域代表座標；歷史街區不應直接等同唯一 GPS 任務圓心，需再選定起點、途中節點與終點。 | Q13: 交通部觀光署觀光資訊資料庫（座標地圖以 Google 為主） | R13: https://data.gov.tw/dataset/7777 | S13: 2026-07-13 | T13: 城市散步 | U13: 01｜老街與歷史街區 | V13: 高 | W13: 40–60 分鐘 | X13: 1.8 | Y13: 街區入口或牌樓／主要街屋與支巷／歷史地標或終點廣場 | Z13: P0｜核心 | AA13: https://www.google.com/maps/search/?api=1&query=%E5%8C%97%E5%9F%94%E8%80%81%E8%A1%97%20%E5%8C%97%E5%9F%94%E9%84%89%20%E6%96%B0%E7%AB%B9%E7%B8%A3 | AB13: https://www.google.com/maps?q=24.699816,121.057220 | AC13: 街區／聚落代表點 | AD13: 新增六章節資料；正式合併 DOR 主表前，請以名稱、行政區及 300 公尺內座標進行去重。 | AE13: 否｜建議新增場域
A14: DOR-HSQ-HIS-002 | B14: 新竹縣 | C14: 湖口鄉 | D14: 老街／歷史街區 | E14: 湖口老街 | F14: Google Maps 街區主地標／主要入口代表點 | G14: 24.876872 | H14: 121.05514 | I14: 4 | J14: ★★★★☆ | K14: 湖口老街具街屋、巷弄、廟宇與地方生活集中，適合用步行解鎖城鎮記憶。 | L14: 湖口老街散步任務｜完成街區主街、支巷與代表地標三段探索，拍攝一處建築細節並完成終點打卡。沿途至少完成三個檢查點。 | M14: 公共街區為主；請注意車流、居民生活、商家營業時間及活動管制。 | N14: 200 | O14: B｜Google 場域代表點 | P14: 採觀光署景點資料之 Google 場域代表座標；歷史街區不應直接等同唯一 GPS 任務圓心，需再選定起點、途中節點與終點。 | Q14: 交通部觀光署觀光資訊資料庫（座標地圖以 Google 為主） | R14: https://data.gov.tw/dataset/7777 | S14: 2026-07-13 | T14: 城市散步 | U14: 01｜老街與歷史街區 | V14: 高 | W14: 40–60 分鐘 | X14: 1.8 | Y14: 街區入口或牌樓／主要街屋與支巷／歷史地標或終點廣場 | Z14: P1｜擴充 | AA14: https://www.google.com/maps/search/?api=1&query=%E6%B9%96%E5%8F%A3%E8%80%81%E8%A1%97%20%E6%B9%96%E5%8F%A3%E9%84%89%20%E6%96%B0%E7%AB%B9%E7%B8%A3 | AB14: https://www.google.com/maps?q=24.876872,121.055140 | AC14: 街區／聚落代表點 | AD14: 新增六章節資料；正式合併 DOR 主表前，請以名稱、行政區及 300 公尺內座標進行去重。 | AE14: 否｜建議新增場域
... A27: DOR-LIE-HIS-001 | B27: 連江縣 | C27: 北竿鄉 | D27: 老街／歷史街區 | E27: 芹壁村 | F27: Google Maps 街區主地標／主要入口代表點 | G27: 26.224782 | H27: 119.98366 | I27: 5 | J27: ★★★★★ | K27: 芹壁村具街屋、巷弄、廟宇與地方生活集中，適合用步行解鎖城鎮記憶。 | L27: 芹壁村散步任務｜完成街區主街、支巷與代表地標三段探索，拍攝一處建築細節並完成終點打卡。記錄一個只有步行時才會注意到的細節。 | M27: 公共街區為主；請注意車流、居民生活、商家營業時間及活動管制。 | N27: 200 | O27: B｜Google 場域代表點 | P27: 採觀光署景點資料之 Google 場域代表座標；歷史街區不應直接等同唯一 GPS 任務圓心，需再選定起點、途中節點與終點。 | Q27: 交通部觀光署觀光資訊資料庫（座標地圖以 Google 為主） | R27: https://data.gov.tw/dataset/7777 | S27: 2026-07-13 | T27: 城市散步 | U27: 01｜老街與歷史街區 | V27: 高 | W27: 40–60 分鐘 | X27: 1.8 | Y27: 街區入口或牌樓／主要街屋與支巷／歷史地標或終點廣場 | Z27: P0｜核心 | AA27: https://www.google.com/maps/search/?api=1&query=%E8%8A%B9%E5%A3%81%E6%9D%91%20%E5%8C%97%E7%AB%BF%E9%84%89%20%E9%80%A3%E6%B1%9F%E7%B8%A3 | AB27: https://www.google.com/maps?q=26.224782,119.983660 | AC27: 街區／聚落代表點 | AD27: 新增六章節資料；正式合併 DOR 主表前，請以名稱、行政區及 300 公尺內座標進行去重。 | AE27: 否｜建議新增場域

Sheet 02鐵道舊鐵路
A1: DOR｜城市探索 02｜鐵道與舊鐵路｜共 25 處
A2: 地點ID | B2: 縣市 | C2: 行政區 | D2: 類型 | E2: 地點名稱 | F2: 打卡點定位 | G2: 緯度（WGS84） | H2: 經度（WGS84） | I2: 星等 | J2: 星等顯示 | K2: 熱門理由 | L2: 建議任務 | M2: 開放性備註 | N2: GPS半徑建議m | O2: 座標可信度 | P2: 座標設定說明 | Q2: 資料來源類型 | R2: 資料來源URL | S2: 整理日期 | T2: 主類別 | U2: 章節 | V2: 散步適合度 | W2: 建議時間 | X2: 建議距離km | Y2: 任務節點建議 | Z2: DOR收錄優先級 | AA2: Google Maps地標搜尋 | AB2: Google Maps座標檢視 | AC2: 座標場域類型 | AD2: 去重備註 | AE2: 與既有公園資料關係
A3: DOR-NTP-RAIL-001 | B3: 新北市 | C3: 貢寮區 | D3: 鐵道／舊鐵路 | E3: 舊草嶺隧道 | F3: 車站、隧道口或鐵道遺構主地標 | G3: 25.003945 | H3: 121.95834 | I3: 5 | J3: ★★★★★ | K3: 舊草嶺隧道具鐵道天然具備起點、路線與終點，可串聯站房、月台及產業記憶。 | L3: 舊草嶺隧道散步任務｜由站房或遺構起點出發，尋找兩種鐵道設施並完成一段舊線巡遊。記錄一個只有步行時才會注意到的細節。 | M3: 須遵守鐵路與園區管制；禁止進入營運軌道，隧道與山線請確認開放及照明。 | N3: 120 | O3: A｜觀光署 Google 基準 POI | P3: 採觀光署景點資料之 Google 基準 POI 座標；正式上線前仍應確認圖釘名稱、入口與實際步行動線。 | Q3: 交通部觀光署觀光資訊資料庫（座標地圖以 Google 為主） | R3: https://data.gov.tw/dataset/7777 | S3: 2026-07-13 | T3: 城市散步 | U3: 02｜鐵道與舊鐵路 | V3: 中高 | W3: 45–75 分鐘 | X3: 2.5 | Y3: 站房或隧道口／月台、鐵橋或鐵道設施／終點聚落或產業地標 | Z3: P0｜核心 | AA3: https://www.google.com/maps/search/?api=1&query=%E8%88%8A%E8%8D%89%E5%B6%BA%E9%9A%A7%E9%81%93%20%E8%B2%A2%E5%AF%AE%E5%8D%80%20%E6%96%B0%E5%8C%97%E5%B8%82 | AB3: https://www.google.com/maps?q=25.003945,121.958340 | AC3: 車站／鐵道遺構 POI | AD3: 新增六章節資料；正式合併 DOR 主表前，請以名稱、行政區及 300 公尺內座標進行去重。 | AE3: 否｜建議新增場域
A4: DOR-NTP-RAIL-002 | B4: 新北市 | C4: 平溪區 | D4: 鐵道／舊鐵路 | E4: 十分風景特定區 | F4: 車站、隧道口或鐵道遺構主地標 | G4: 25.047389 | H4: 121.78285 | I4: 5 | J4: ★★★★★ | K4: 十分風景特定區具鐵道天然具備起點、路線與終點，可串聯站房、月台及產業記憶。 | L4: 十分風景特定區散步任務｜由站房或遺構起點出發，尋找兩種鐵道設施並完成一段舊線巡遊。以起點、途中與終點三張照片完成探索紀錄。 | M4: 須遵守鐵路與園區管制；禁止進入營運軌道，隧道與山線請確認開放及照明。 | N4: 120 | O4: A｜觀光署 Google 基準 POI | P4: 採觀光署景點資料之 Google 基準 POI 座標；正式上線前仍應確認圖釘名稱、入口與實際步行動線。 | Q4: 交通部觀光署觀光資訊資料庫（座標地圖以 Google 為主） | R4: https://data.gov.tw/dataset/7777 | S4: 2026-07-13 | T4: 城市散步 | U4: 02｜鐵道與舊鐵路 | V4: 中高 | W4: 45–75 分鐘 | X4: 2.5 | Y4: 站房或隧道口／月台、鐵橋或鐵道設施／終點聚落或產業地標 | Z4: P0｜核心 | AA4: https://www.google.com/maps/search/?api=1&query=%E5%8D%81%E5%88%86%E9%A2%A8%E6%99%AF%E7%89%B9%E5%AE%9A%E5%8D%80%20%E5%B9%B3%E6%BA%AA%E5%8D%80%20%E6%96%B0%E5%8C%97%E5%B8%82 | AB4: https://www.google.com/maps?q=25.047389,121.782850 | AC4: 車站／鐵道遺構 POI | AD4: 新增六章節資料；正式合併 DOR 主表前，請以名稱、行政區及 300 公尺內座標進行去重。 | AE4: 否｜建議新增場域
A5: DOR-NTP-RAIL-003 | B5: 新北市 | C5: 平溪區 | D5: 鐵道／舊鐵路 | E5: 平溪鐵道街區 | F5: 車站、隧道口或鐵道遺構主地標 | G5: 25.026689 | H5: 121.73819 | I5: 4 | J5: ★★★★☆ | K5: 平溪鐵道街區具鐵道天然具備起點、路線與終點，可串聯站房、月台及產業記憶。 | L5: 平溪鐵道街區散步任務｜由站房或遺構起點出發，尋找兩種鐵道設施並完成一段舊線巡遊。在終點回答一題與場域故事有關的問題。 | M5: 須遵守鐵路與園區管制；禁止進入營運軌道，隧道與山線請確認開放及照明。 | N5: 200 | O5: B｜Google 場域代表點 | P5: 採觀光署景點資料之 Google 場域代表座標；街區、港區或線性路線不應直接等同唯一 GPS 任務圓心，需再選定任務節點。 | Q5: 交通部觀光署觀光資訊資料庫（座標地圖以 Google 為主） | R5: https://data.gov.tw/dataset/7777 | S5: 2026-07-13 | T5: 城市散步 | U5: 02｜鐵道與舊鐵路 | V5: 中高 | W5: 45–75 分鐘 | X5: 2.5 | Y5: 站房或隧道口／月台、鐵橋或鐵道設施／終點聚落或產業地標 | Z5: P1｜擴充 | AA5: https://www.google.com/maps/search/?api=1&query=%E5%B9%B3%E6%BA%AA%E9%90%B5%E9%81%93%E8%A1%97%E5%8D%80%20%E5%B9%B3%E6%BA%AA%E5%8D%80%20%E6%96%B0%E5%8C%97%E5%B8%82 | AB5: https://www.google.com/maps?q=25.026689,121.738190 | AC5: 鐵道路線／街區代表點 | AD5: 新增六章節資料；正式合併 DOR 主表前，請以名稱、行政區及 300 公尺內座標進行去重。 | AE5: 否｜建議新增場域
A6: DOR-NTP-RAIL-004 | B6: 新北市 | C6: 烏來區 | D6: 鐵道／舊鐵路 | E6: 烏來台車與老街 | F6: 車站、隧道口或鐵道遺構主地標 | G6: 24.864935 | H6: 121.55198 | I6: 4 | J6: ★★★★☆ | K6: 烏來台車與老街具鐵道天然具備起點、路線與終點，可串聯站房、月台及產業記憶。 | L6: 烏來台車與老街散步任務｜由站房或遺構起點出發，尋找兩種鐵道設施並完成一段舊線巡遊。沿途至少完成三個檢查點。 | M6: 須遵守鐵路與園區管制；禁止進入營運軌道，隧道與山線請確認開放及照明。 | N6: 200 | O6: B｜Google 場域代表點 | P6: 採觀光署景點資料之 Google 場域代表座標；街區、港區或線性路線不應直接等同唯一 GPS 任務圓心，需再選定任務節點。 | Q6: 交通部觀光署觀光資訊資料庫（座標地圖以 Google 為主） | R6: https://data.gov.tw/dataset/7777 | S6: 2026-07-13 | T6: 城市散步 | U6: 02｜鐵道與舊鐵路 | V6: 中高 | W6: 45–75 分鐘 | X6: 2.5 | Y6: 站房或隧道口／月台、鐵橋或鐵道設施／終點聚落或產業地標 | Z6: P1｜擴充 | AA6: https://www.google.com/maps/search/?api=1&query=%E7%83%8F%E4%BE%86%E5%8F%B0%E8%BB%8A%E8%88%87%E8%80%81%E8%A1%97%20%E7%83%8F%E4%BE%86%E5%8D%80%20%E6%96%B0%E5%8C%97%E5%B8%82 | AB6: https://www.google.com/maps?q=24.864935,121.551980 | AC6: 鐵道路線／街區代表點 | AD6: 新增六章節資料；正式合併 DOR 主表前，請以名稱、行政區及 300 公尺內座標進行去重。 | AE6: 否｜建議新增場域
A7: DOR-HSQ-RAIL-001 | B7: 新竹縣 | C7: 橫山鄉 | D7: 鐵道／舊鐵路 | E7: 內灣小鎮 | F7: 車站、隧道口或鐵道遺構主地標 | G7: 24.705431 | H7: 121.18247 | I7: 5 | J7: ★★★★★ | K7: 內灣小鎮具鐵道天然具備起點、路線與終點，可串聯站房、月台及產業記憶。 | L7: 內灣小鎮散步任務｜由站房或遺構起點出發，尋找兩種鐵道設施並完成一段舊線巡遊。記錄一個只有步行時才會注意到的細節。 | M7: 須遵守鐵路與園區管制；禁止進入營運軌道，隧道與山線請確認開放及照明。 | N7: 120 | O7: A｜觀光署 Google 基準 POI | P7: 採觀光署景點資料之 Google 基準 POI 座標；正式上線前仍應確認圖釘名稱、入口與實際步行動線。 | Q7: 交通部觀光署觀光資訊資料庫（座標地圖以 Google 為主） | R7: https://data.gov.tw/dataset/7777 | S7: 2026-07-13 | T7: 城市散步 | U7: 02｜鐵道與舊鐵路 | V7: 中高 | W7: 45–75 分鐘 | X7: 2.5 | Y7: 站房或隧道口／月台、鐵橋或鐵道設施／終點聚落或產業地標 | Z7: P0｜核心 | AA7: https://www.google.com/maps/search/?api=1&query=%E5%85%A7%E7%81%A3%E5%B0%8F%E9%8E%AE%20%E6%A9%AB%E5%B1%B1%E9%84%89%20%E6%96%B0%E7%AB%B9%E7%B8%A3 | AB7: https://www.google.com/maps?q=24.705431,121.182470 | AC7: 車站／鐵道遺構 POI | AD7: 新增六章節資料；正式合併 DOR 主表前，請以名稱、行政區及 300 公尺內座標進行去重。 | AE7: 否｜建議新增場域
A8: DOR-MIA-RAIL-001 | B8: 苗栗縣 | C8: 三義鄉 | D8: 鐵道／舊鐵路 | E8: 勝興車站 | F8: 車站、隧道口或鐵道遺構主地標 | G8: 24.38823 | H8: 120.78205 | I8: 5 | J8: ★★★★★ | K8: 勝興車站具鐵道天然具備起點、路線與終點，可串聯站房、月台及產業記憶。 | L8: 勝興車站散步任務｜由站房或遺構起點出發，尋找兩種鐵道設施並完成一段舊線巡遊。以起點、途中與終點三張照片完成探索紀錄。 | M8: 須遵守鐵路與園區管制；禁止進入營運軌道，隧道與山線請確認開放及照明。 | N8: 120 | O8: A｜觀光署 Google 基準 POI | P8: 採觀光署景點資料之 Google 基準 POI 座標；正式上線前仍應確認圖釘名稱、入口與實際步行動線。 | Q8: 交通部觀光署觀光資訊資料庫（座標地圖以 Google 為主） | R8: https://data.gov.tw/dataset/7777 | S8: 2026-07-13 | T8: 城市散步 | U8: 02｜鐵道與舊鐵路 | V8: 中高 | W8: 45–75 分鐘 | X8: 2.5 | Y8: 站房或隧道口／月台、鐵橋或鐵道設施／終點聚落或產業地標 | Z8: P0｜核心 | AA8: https://www.google.com/maps/search/?api=1&query=%E5%8B%9D%E8%88%88%E8%BB%8A%E7%AB%99%20%E4%B8%89%E7%BE%A9%E9%84%89%20%E8%8B%97%E6%A0%97%E7%B8%A3 | AB8: https://www.google.com/maps?q=24.388230,120.782050 | AC8: 車站／鐵道遺構 POI | AD8: 新增六章節資料；正式合併 DOR 主表前，請以名稱、行政區及 300 公尺內座標進行去重。 | AE8: 否｜建議新增場域
A9: DOR-MIA-RAIL-002 | B9: 苗栗縣 | C9: 三義鄉 | D9: 鐵道／舊鐵路 | E9: 龍騰斷橋 | F9: 車站、隧道口或鐵道遺構主地標 | G9: 24.358435 | H9: 120.77384 | I9: 5 | J9: ★★★★★ | K9: 龍騰斷橋具鐵道天然具備起點、路線與終點，可串聯站房、月台及產業記憶。 | L9: 龍騰斷橋散步任務｜由站房或遺構起點出發，尋找兩種鐵道設施並完成一段舊線巡遊。在終點回答一題與場域故事有關的問題。 | M9: 須遵守鐵路與園區管制；禁止進入營運軌道，隧道與山線請確認開放及照明。 | N9: 120 | O9: A｜觀光署 Google 基準 POI | P9: 採觀光署景點資料之 Google 基準 POI 座標；正式上線前仍應確認圖釘名稱、入口與實際步行動線。 | Q9: 交通部觀光署觀光資訊資料庫（座標地圖以 Google 為主） | R9: https://data.gov.tw/dataset/7777 | S9: 2026-07-13 | T9: 城市散步 | U9: 02｜鐵道與舊鐵路 | V9: 中高 | W9: 45–75 分鐘 | X9: 2.5 | Y9: 站房或隧道口／月台、鐵橋或鐵道設施／終點聚落或產業地標 | Z9: P0｜核心 | AA9: https://www.google.com/maps/search/?api=1&query=%E9%BE%8D%E9%A8%B0%E6%96%B7%E6%A9%8B%20%E4%B8%89%E7%BE%A9%E9%84%89%20%E8%8B%97%E6%A0%97%E7%B8%A3 | AB9: https://www.google.com/maps?q=24.358435,120.773840 | AC9: 車站／鐵道遺構 POI | AD9: 新增六章節資料；正式合併 DOR 主表前，請以名稱、行政區及 300 公尺內座標進行去重。 | AE9: 否｜建議新增場域
A10: DOR-MIA-RAIL-003 | B10: 苗栗縣 | C10: 苗栗市 | D10: 鐵道／舊鐵路 | E10: 功維敘隧道 | F10: 車站、隧道口或鐵道遺構主地標 | G10: 24.554356 | H10: 120.81096 | I10: 4 | J10: ★★★★☆ | K10: 功維敘隧道具鐵道天然具備起點、路線與終點，可串聯站房、月台及產業記憶。 | L10: 功維敘隧道散步任務｜由站房或遺構起點出發，尋找兩種鐵道設施並完成一段舊線巡遊。沿途至少完成三個檢查點。 | M10: 須遵守鐵路與園區管制；禁止進入營運軌道，隧道與山線請確認開放及照明。 | N10: 120 | O10: A｜觀光署 Google 基準 POI | P10: 採觀光署景點資料之 Google 基準 POI 座標；正式上線前仍應確認圖釘名稱、入口與實際步行動線。 | Q10: 交通部觀光署觀光資訊資料庫（座標地圖以 Google 為主） | R10: https://data.gov.tw/dataset/7777 | S10: 2026-07-13 | T10: 城市散步 | U10: 02｜鐵道與舊鐵路 | V10: 中高 | W10: 45–75 分鐘 | X10: 2.5 | Y10: 站房或隧道口／月台、鐵橋或鐵道設施／終點聚落或產業地標 | Z10: P1｜擴充 | AA10: https://www.google.com/maps/search/?api=1&query=%E5%8A%9F%E7%B6%AD%E6%95%98%E9%9A%A7%E9%81%93%20%E8%8B%97%E6%A0%97%E5%B8%82%20%E8%8B%97%E6%A0%97%E7%B8%A3 | AB10: https://www.google.com/maps?q=24.554356,120.810960 | AC10: 車站／鐵道遺構 POI | AD10: 新增六章節資料；正式合併 DOR 主表前，請以名稱、行政區及 300 公尺內座標進行去重。 | AE10: 否｜建議新增場域
A11: DOR-TXG-RAIL-001 | B11: 臺中市 | C11: 石岡區 | D11: 鐵道／舊鐵路 | E11: 東豐自行車綠廊 | F11: 車站、隧道口或鐵道遺構主地標 | G11: 24.276023 | H11: 120.77879 | I11: 4 | J11: ★★★★☆ | K11: 東豐自行車綠廊具鐵道天然具備起點、路線與終點，可串聯站房、月台及產業記憶。 | L11: 東豐自行車綠廊散步任務｜由站房或遺構起點出發，尋找兩種鐵道設施並完成一段舊線巡遊。記錄一個只有步行時才會注意到的細節。 | M11: 須遵守鐵路與園區管制；禁止進入營運軌道，隧道與山線請確認開放及照明。 | N11: 200 | O11: B｜Google 場域代表點 | P11: 採觀光署景點資料之 Google 場域代表座標；街區、港區或線性路線不應直接等同唯一 GPS 任務圓心，需再選定任務節點。 | Q11: 交通部觀光署觀光資訊資料庫（座標地圖以 Google 為主） | R11: https://data.gov.tw/dataset/7777 | S11: 2026-07-13 | T11: 城市散步 | U11: 02｜鐵道與舊鐵路 | V11: 中高 | W11: 45–75 分鐘 | X11: 2.5 | Y11: 站房或隧道口／月台、鐵橋或鐵道設施／終點聚落或產業地標 | Z11: P1｜擴充 | AA11: https://www.google.com/maps/search/?api=1&query=%E6%9D%B1%E8%B1%90%E8%87%AA%E8%A1%8C%E8%BB%8A%E7%B6%A0%E5%BB%8A%20%E7%9F%B3%E5%B2%A1%E5%8D%80%20%E8%87%BA%E4%B8%AD%E5%B8%82 | AB11: https://www.google.com/maps?q=24.276023,120.778790 | AC11: 鐵道路線／街區代表點 | AD11: 新增六章節資料；正式合併 DOR 主表前，請以名稱、行政區及 300 公尺內座標進行去重。 | AE11: 否｜建議新增場域
A12: DOR-TXG-RAIL-002 | B12: 臺中市 | C12: 東勢區 | D12: 鐵道／舊鐵路 | E12: 東勢林業文化園區 | F12: 車站、隧道口或鐵道遺構主地標 | G12: 24.243787 | H12: 120.83365 | I12: 4 | J12: ★★★★☆ | K12: 東勢林業文化園區具鐵道天然具備起點、路線與終點，可串聯站房、月台及產業記憶。 | L12: 東勢林業文化園區散步任務｜由站房或遺構起點出發，尋找兩種鐵道設施並完成一段舊線巡遊。以起點、途中與終點三張照片完成探索紀錄。 | M12: 須遵守鐵路與園區管制；禁止進入營運軌道，隧道與山線請確認開放及照明。 | N12: 120 | O12: A｜觀光署 Google 基準 POI | P12: 採觀光署景點資料之 Google 基準 POI 座標；正式上線前仍應確認圖釘名稱、入口與實際步行動線。 | Q12: 交通部觀光署觀光資訊資料庫（座標地圖以 Google 為主） | R12: https://data.gov.tw/dataset/7777 | S12: 2026-07-13 | T12: 城市散步 | U12: 02｜鐵道與舊鐵路 | V12: 中高 | W12: 45–75 分鐘 | X12: 2.5 | Y12: 站房或隧道口／月台、鐵橋或鐵道設施／終點聚落或產業地標 | Z12: P1｜擴充 | AA12: https://www.google.com/maps/search/?api=1&query=%E6%9D%B1%E5%8B%A2%E6%9E%97%E6%A5%AD%E6%96%87%E5%8C%96%E5%9C%92%E5%8D%80%20%E6%9D%B1%E5%8B%A2%E5%8D%80%20%E8%87%BA%E4%B8%AD%E5%B8%82 | AB12: https://www.google.com/maps?q=24.243787,120.833650 | AC12: 車站／鐵道遺構 POI | AD12: 新增六章節資料；正式合併 DOR 主表前，請以名稱、行政區及 300 公尺內座標進行去重。 | AE12: 否｜建議新增場域
A13: DOR-CHA-RAIL-001 | B13: 彰化縣 | C13: 彰化市 | D13: 鐵道／舊鐵路 | E13: 扇形車庫 | F13: 車站、隧道口或鐵道遺構主地標 | G13: 24.085948 | H13: 120.54017 | I13: 5 | J13: ★★★★★ | K13: 扇形車庫具鐵道天然具備起點、路線與終點，可串聯站房、月台及產業記憶。 | L13: 扇形車庫散步任務｜由站房或遺構起點出發，尋找兩種鐵道設施並完成一段舊線巡遊。在終點回答一題與場域故事有關的問題。 | M13: 須遵守鐵路與園區管制；禁止進入營運軌道，隧道與山線請確認開放及照明。 | N13: 120 | O13: A｜觀光署 Google 基準 POI | P13: 採觀光署景點資料之 Google 基準 POI 座標；正式上線前仍應確認圖釘名稱、入口與實際步行動線。 | Q13: 交通部觀光署觀光資訊資料庫（座標地圖以 Google 為主） | R13: https://data.gov.tw/dataset/7777 | S13: 2026-07-13 | T13: 城市散步 | U13: 02｜鐵道與舊鐵路 | V13: 中高 | W13: 45–75 分鐘 | X13: 2.5 | Y13: 站房或隧道口／月台、鐵橋或鐵道設施／終點聚落或產業地標 | Z13: P0｜核心 | AA13: https://www.google.com/maps/search/?api=1&query=%E6%89%87%E5%BD%A2%E8%BB%8A%E5%BA%AB%20%E5%BD%B0%E5%8C%96%E5%B8%82%20%E5%BD%B0%E5%8C%96%E7%B8%A3 | AB13: https://www.google.com/maps?q=24.085948,120.540170 | AC13: 車站／鐵道遺構 POI | AD13: 新增六章節資料；正式合併 DOR 主表前，請以名稱、行政區及 300 公尺內座標進行去重。 | AE13: 否｜建議新增場域
A14: DOR-CHA-RAIL-002 | B14: 彰化縣 | C14: 社頭鄉 | D14: 鐵道／舊鐵路 | E14: 福井鐵道文物館 | F14: 車站、隧道口或鐵道遺構主地標 | G14: 23.896964 | H14: 120.58521 | I14: 4 | J14: ★★★★☆ | K14: 福井鐵道文物館具鐵道天然具備起點、路線與終點，可串聯站房、月台及產業記憶。 | L14: 福井鐵道文物館散步任務｜由站房或遺構起點出發，尋找兩種鐵道設施並完成一段舊線巡遊。沿途至少完成三個檢查點。 | M14: 須遵守鐵路與園區管制；禁止進入營運軌道，隧道與山線請確認開放及照明。 | N14: 200 | O14: B｜Google 場域代表點 | P14: 採觀光署景點資料之 Google 場域代表座標；街區、港區或線性路線不應直接等同唯一 GPS 任務圓心，需再選定任務節點。 | Q14: 交通部觀光署觀光資訊資料庫（座標地圖以 Google 為主） | R14: https://data.gov.tw/dataset/7777 | S14: 2026-07-13 | T14: 城市散步 | U14: 02｜鐵道與舊鐵路 | V14: 中高 | W14: 45–75 分鐘 | X14: 2.5 | Y14: 站房或隧道口／月台、鐵橋或鐵道設施／終點聚落或產業地標 | Z14: P1｜擴充 | AA14: https://www.google.com/maps/search/?api=1&query=%E7%A6%8F%E4%BA%95%E9%90%B5%E9%81%93%E6%96%87%E7%89%A9%E9%A4%A8%20%E7%A4%BE%E9%A0%AD%E9%84%89%20%E5%BD%B0%E5%8C%96%E7%B8%A3 | AB14: https://www.google.com/maps?q=23.896964,120.585210 | AC14: 鐵道路線／街區代表點 | AD14: 新增六章節資料；正式合併 DOR 主表前，請以名稱、行政區及 300 公尺內座標進行去重。 | AE14: 否｜建議新增場域
... A27: DOR-NTP-RAIL-005 | B27: 新北市 | C27: 瑞芳區 | D27: 鐵道／舊鐵路 | E27: 黃金博物館與礦業鐵道 | F27: 車站、隧道口或鐵道遺構主地標 | G27: 25.107534 | H27: 121.85789 | I27: 4 | J27: ★★★★☆ | K27: 黃金博物館與礦業鐵道具鐵道天然具備起點、路線與終點，可串聯站房、月台及產業記憶。 | L27: 黃金博物館與礦業鐵道散步任務｜由站房或遺構起點出發，尋找兩種鐵道設施並完成一段舊線巡遊。記錄一個只有步行時才會注意到的細節。 | M27: 須遵守鐵路與園區管制；禁止進入營運軌道，隧道與山線請確認開放及照明。 | N27: 200 | O27: B｜Google 場域代表點 | P27: 採觀光署景點資料之 Google 場域代表座標；街區、港區或線性路線不應直接等同唯一 GPS 任務圓心，需再選定任務節點。 | Q27: 交通部觀光署觀光資訊資料庫（座標地圖以 Google 為主） | R27: https://data.gov.tw/dataset/7777 | S27: 2026-07-13 | T27: 城市散步 | U27: 02｜鐵道與舊鐵路 | V27: 中高 | W27: 45–75 分鐘 | X27: 2.5 | Y27: 站房或隧道口／月台、鐵橋或鐵道設施／終點聚落或產業地標 | Z27: P1｜擴充 | AA27: https://www.google.com/maps/search/?api=1&query=%E9%BB%83%E9%87%91%E5%8D%9A%E7%89%A9%E9%A4%A8%E8%88%87%E7%A4%A6%E6%A5%AD%E9%90%B5%E9%81%93%20%E7%91%9E%E8%8A%B3%E5%8D%80%20%E6%96%B0%E5%8C%97%E5%B8%82 | AB27: https://www.google.com/maps?q=25.107534,121.857890 | AC27: 鐵道路線／街區代表點 | AD27: 新增六章節資料；正式合併 DOR 主表前，請以名稱、行政區及 300 公尺內座標進行去重。 | AE27: 否｜建議新增場域

Sheet 03水岸港口漁港
A1: DOR｜城市探索 03｜水岸、港口與漁港｜共 25 處
A2: 地點ID | B2: 縣市 | C2: 行政區 | D2: 類型 | E2: 地點名稱 | F2: 打卡點定位 | G2: 緯度（WGS84） | H2: 經度（WGS84） | I2: 星等 | J2: 星等顯示 | K2: 熱門理由 | L2: 建議任務 | M2: 開放性備註 | N2: GPS半徑建議m | O2: 座標可信度 | P2: 座標設定說明 | Q2: 資料來源類型 | R2: 資料來源URL | S2: 整理日期 | T2: 主類別 | U2: 章節 | V2: 散步適合度 | W2: 建議時間 | X2: 建議距離km | Y2: 任務節點建議 | Z2: DOR收錄優先級 | AA2: Google Maps地標搜尋 | AB2: Google Maps座標檢視 | AC2: 座標場域類型 | AD2: 去重備註 | AE2: 與既有公園資料關係
A3: DOR-TPE-WAT-001 | B3: 臺北市 | C3: 大同區 | D3: 水岸／港口／漁港 | E3: 大稻埕碼頭 | F3: 碼頭、港區入口或水岸主地標 | G3: 25.056615 | H3: 121.50714 | I3: 5 | J3: ★★★★★ | K3: 大稻埕碼頭具水岸視野、船舶、橋梁與市場形成明確場景，白天與黃昏皆有不同玩法。 | L3: 大稻埕碼頭散步任務｜由港區入口沿水岸前進，完成船舶或橋梁觀察，抵達市場、燈塔或碼頭終點。記錄一個只有步行時才會注意到的細節。 | M3: 請留意潮汐、強風、港區作業、禁止進入區域與夜間照明；不靠近堤防邊緣。 | N3: 250 | O3: B｜Google 場域代表點 | P3: 採觀光署景點資料之 Google 場域代表座標；街區、港區或線性路線不應直接等同唯一 GPS 任務圓心，需再選定任務節點。 | Q3: 交通部觀光署觀光資訊資料庫（座標地圖以 Google 為主） | R3: https://data.gov.tw/dataset/7777 | S3: 2026-07-13 | T3: 城市散步 | U3: 03｜水岸、港口與漁港 | V3: 高 | W3: 45–75 分鐘 | X3: 3 | Y3: 港區或水岸入口／親水步道與船舶觀察點／橋梁、燈塔、市場或碼頭 | Z3: P0｜核心 | AA3: https://www.google.com/maps/search/?api=1&query=%E5%A4%A7%E7%A8%BB%E5%9F%95%E7%A2%BC%E9%A0%AD%20%E5%A4%A7%E5%90%8C%E5%8D%80%20%E8%87%BA%E5%8C%97%E5%B8%82 | AB3: https://www.google.com/maps?q=25.056615,121.507140 | AC3: 港區／水岸場域代表點 | AD3: 新增六章節資料；正式合併 DOR 主表前，請以名稱、行政區及 300 公尺內座標進行去重。 | AE3: 否｜建議新增場域
A4: DOR-TPE-WAT-002 | B4: 臺北市 | C4: 北投區 | D4: 水岸／港口／漁港 | E4: 關渡碼頭 | F4: 碼頭、港區入口或水岸主地標 | G4: 25.120615 | H4: 121.46059 | I4: 4 | J4: ★★★★☆ | K4: 關渡碼頭具水岸視野、船舶、橋梁與市場形成明確場景，白天與黃昏皆有不同玩法。 | L4: 關渡碼頭散步任務｜由港區入口沿水岸前進，完成船舶或橋梁觀察，抵達市場、燈塔或碼頭終點。以起點、途中與終點三張照片完成探索紀錄。 | M4: 請留意潮汐、強風、港區作業、禁止進入區域與夜間照明；不靠近堤防邊緣。 | N4: 250 | O4: B｜Google 場域代表點 | P4: 採觀光署景點資料之 Google 場域代表座標；街區、港區或線性路線不應直接等同唯一 GPS 任務圓心，需再選定任務節點。 | Q4: 交通部觀光署觀光資訊資料庫（座標地圖以 Google 為主） | R4: https://data.gov.tw/dataset/7777 | S4: 2026-07-13 | T4: 城市散步 | U4: 03｜水岸、港口與漁港 | V4: 高 | W4: 45–75 分鐘 | X4: 3 | Y4: 港區或水岸入口／親水步道與船舶觀察點／橋梁、燈塔、市場或碼頭 | Z4: P1｜擴充 | AA4: https://www.google.com/maps/search/?api=1&query=%E9%97%9C%E6%B8%A1%E7%A2%BC%E9%A0%AD%20%E5%8C%97%E6%8A%95%E5%8D%80%20%E8%87%BA%E5%8C%97%E5%B8%82 | AB4: https://www.google.com/maps?q=25.120615,121.460590 | AC4: 港區／水岸場域代表點 | AD4: 新增六章節資料；正式合併 DOR 主表前，請以名稱、行政區及 300 公尺內座標進行去重。 | AE4: 否｜建議新增場域
A5: DOR-NTP-WAT-001 | B5: 新北市 | C5: 淡水區 | D5: 水岸／港口／漁港 | E5: 淡水漁人碼頭 | F5: 碼頭、港區入口或水岸主地標 | G5: 25.183009 | H5: 121.4121 | I5: 5 | J5: ★★★★★ | K5: 淡水漁人碼頭具水岸視野、船舶、橋梁與市場形成明確場景，白天與黃昏皆有不同玩法。 | L5: 淡水漁人碼頭散步任務｜由港區入口沿水岸前進，完成船舶或橋梁觀察，抵達市場、燈塔或碼頭終點。在終點回答一題與場域故事有關的問題。 | M5: 請留意潮汐、強風、港區作業、禁止進入區域與夜間照明；不靠近堤防邊緣。 | N5: 250 | O5: B｜Google 場域代表點 | P5: 採觀光署景點資料之 Google 場域代表座標；街區、港區或線性路線不應直接等同唯一 GPS 任務圓心，需再選定任務節點。 | Q5: 交通部觀光署觀光資訊資料庫（座標地圖以 Google 為主） | R5: https://data.gov.tw/dataset/7777 | S5: 2026-07-13 | T5: 城市散步 | U5: 03｜水岸、港口與漁港 | V5: 高 | W5: 45–75 分鐘 | X5: 3 | Y5: 港區或水岸入口／親水步道與船舶觀察點／橋梁、燈塔、市場或碼頭 | Z5: P0｜核心 | AA5: https://www.google.com/maps/search/?api=1&query=%E6%B7%A1%E6%B0%B4%E6%BC%81%E4%BA%BA%E7%A2%BC%E9%A0%AD%20%E6%B7%A1%E6%B0%B4%E5%8D%80%20%E6%96%B0%E5%8C%97%E5%B8%82 | AB5: https://www.google.com/maps?q=25.183009,121.412100 | AC5: 港區／水岸場域代表點 | AD5: 新增六章節資料；正式合併 DOR 主表前，請以名稱、行政區及 300 公尺內座標進行去重。 | AE5: 否｜建議新增場域
A6: DOR-NTP-WAT-002 | B6: 新北市 | C6: 淡水區 | D6: 水岸／港口／漁港 | E6: 淡水金色水岸 | F6: 碼頭、港區入口或水岸主地標 | G6: 25.168909 | H6: 121.44145 | I6: 4 | J6: ★★★★☆ | K6: 淡水金色水岸具水岸視野、船舶、橋梁與市場形成明確場景，白天與黃昏皆有不同玩法。 | L6: 淡水金色水岸散步任務｜由港區入口沿水岸前進，完成船舶或橋梁觀察，抵達市場、燈塔或碼頭終點。沿途至少完成三個檢查點。 | M6: 請留意潮汐、強風、港區作業、禁止進入區域與夜間照明；不靠近堤防邊緣。 | N6: 250 | O6: B｜Google 場域代表點 | P6: 採觀光署景點資料之 Google 場域代表座標；街區、港區或線性路線不應直接等同唯一 GPS 任務圓心，需再選定任務節點。 | Q6: 交通部觀光署觀光資訊資料庫（座標地圖以 Google 為主） | R6: https://data.gov.tw/dataset/7777 | S6: 2026-07-13 | T6: 城市散步 | U6: 03｜水岸、港口與漁港 | V6: 高 | W6: 45–75 分鐘 | X6: 3 | Y6: 港區或水岸入口／親水步道與船舶觀察點／橋梁、燈塔、市場或碼頭 | Z6: P1｜擴充 | AA6: https://www.google.com/maps/search/?api=1&query=%E6%B7%A1%E6%B0%B4%E9%87%91%E8%89%B2%E6%B0%B4%E5%B2%B8%20%E6%B7%A1%E6%B0%B4%E5%8D%80%20%E6%96%B0%E5%8C%97%E5%B8%82 | AB6: https://www.google.com/maps?q=25.168909,121.441450 | AC6: 港區／水岸場域代表點 | AD6: 新增六章節資料；正式合併 DOR 主表前，請以名稱、行政區及 300 公尺內座標進行去重。 | AE6: 否｜建議新增場域
A7: DOR-NTP-WAT-003 | B7: 新北市 | C7: 八里區 | D7: 水岸／港口／漁港 | E7: 八里左岸 | F7: 碼頭、港區入口或水岸主地標 | G7: 25.160845 | H7: 121.43003 | I7: 5 | J7: ★★★★★ | K7: 八里左岸具水岸視野、船舶、橋梁與市場形成明確場景，白天與黃昏皆有不同玩法。 | L7: 八里左岸散步任務｜由港區入口沿水岸前進，完成船舶或橋梁觀察，抵達市場、燈塔或碼頭終點。記錄一個只有步行時才會注意到的細節。 | M7: 請留意潮汐、強風、港區作業、禁止進入區域與夜間照明；不靠近堤防邊緣。 | N7: 250 | O7: B｜Google 場域代表點 | P7: 採觀光署景點資料之 Google 場域代表座標；街區、港區或線性路線不應直接等同唯一 GPS 任務圓心，需再選定任務節點。 | Q7: 交通部觀光署觀光資訊資料庫（座標地圖以 Google 為主） | R7: https://data.gov.tw/dataset/7777 | S7: 2026-07-13 | T7: 城市散步 | U7: 03｜水岸、港口與漁港 | V7: 高 | W7: 45–75 分鐘 | X7: 3 | Y7: 港區或水岸入口／親水步道與船舶觀察點／橋梁、燈塔、市場或碼頭 | Z7: P0｜核心 | AA7: https://www.google.com/maps/search/?api=1&query=%E5%85%AB%E9%87%8C%E5%B7%A6%E5%B2%B8%20%E5%85%AB%E9%87%8C%E5%8D%80%20%E6%96%B0%E5%8C%97%E5%B8%82 | AB7: https://www.google.com/maps?q=25.160845,121.430030 | AC7: 港區／水岸場域代表點 | AD7: 新增六章節資料；正式合併 DOR 主表前，請以名稱、行政區及 300 公尺內座標進行去重。 | AE7: 可能｜與「八里左岸公園」相近，合併前確認
A8: DOR-NTP-WAT-004 | B8: 新北市 | C8: 石門區 | D8: 水岸／港口／漁港 | E8: 富基漁港 | F8: 碼頭、港區入口或水岸主地標 | G8: 25.292634 | H8: 121.5353 | I8: 4 | J8: ★★★★☆ | K8: 富基漁港具水岸視野、船舶、橋梁與市場形成明確場景，白天與黃昏皆有不同玩法。 | L8: 富基漁港散步任務｜由港區入口沿水岸前進，完成船舶或橋梁觀察，抵達市場、燈塔或碼頭終點。以起點、途中與終點三張照片完成探索紀錄。 | M8: 請留意潮汐、強風、港區作業、禁止進入區域與夜間照明；不靠近堤防邊緣。 | N8: 250 | O8: B｜Google 場域代表點 | P8: 採觀光署景點資料之 Google 場域代表座標；街區、港區或線性路線不應直接等同唯一 GPS 任務圓心，需再選定任務節點。 | Q8: 交通部觀光署觀光資訊資料庫（座標地圖以 Google 為主） | R8: https://data.gov.tw/dataset/7777 | S8: 2026-07-13 | T8: 城市散步 | U8: 03｜水岸、港口與漁港 | V8: 高 | W8: 45–75 分鐘 | X8: 3 | Y8: 港區或水岸入口／親水步道與船舶觀察點／橋梁、燈塔、市場或碼頭 | Z8: P1｜擴充 | AA8: https://www.google.com/maps/search/?api=1&query=%E5%AF%8C%E5%9F%BA%E6%BC%81%E6%B8%AF%20%E7%9F%B3%E9%96%80%E5%8D%80%20%E6%96%B0%E5%8C%97%E5%B8%82 | AB8: https://www.google.com/maps?q=25.292634,121.535300 | AC8: 港區／水岸場域代表點 | AD8: 新增六章節資料；正式合併 DOR 主表前，請以名稱、行政區及 300 公尺內座標進行去重。 | AE8: 否｜建議新增場域
A9: DOR-KEE-WAT-001 | B9: 基隆市 | C9: 仁愛區 | D9: 水岸／港口／漁港 | E9: 基隆港 | F9: 碼頭、港區入口或水岸主地標 | G9: 25.131022 | H9: 121.74134 | I9: 5 | J9: ★★★★★ | K9: 基隆港具水岸視野、船舶、橋梁與市場形成明確場景，白天與黃昏皆有不同玩法。 | L9: 基隆港散步任務｜由港區入口沿水岸前進，完成船舶或橋梁觀察，抵達市場、燈塔或碼頭終點。在終點回答一題與場域故事有關的問題。 | M9: 請留意潮汐、強風、港區作業、禁止進入區域與夜間照明；不靠近堤防邊緣。 | N9: 250 | O9: B｜Google 場域代表點 | P9: 採觀光署景點資料之 Google 場域代表座標；街區、港區或線性路線不應直接等同唯一 GPS 任務圓心，需再選定任務節點。 | Q9: 交通部觀光署觀光資訊資料庫（座標地圖以 Google 為主） | R9: https://data.gov.tw/dataset/7777 | S9: 2026-07-13 | T9: 城市散步 | U9: 03｜水岸、港口與漁港 | V9: 高 | W9: 45–75 分鐘 | X9: 3 | Y9: 港區或水岸入口／親水步道與船舶觀察點／橋梁、燈塔、市場或碼頭 | Z9: P0｜核心 | AA9: https://www.google.com/maps/search/?api=1&query=%E5%9F%BA%E9%9A%86%E6%B8%AF%20%E4%BB%81%E6%84%9B%E5%8D%80%20%E5%9F%BA%E9%9A%86%E5%B8%82 | AB9: https://www.google.com/maps?q=25.131022,121.741340 | AC9: 港區／水岸場域代表點 | AD9: 新增六章節資料；正式合併 DOR 主表前，請以名稱、行政區及 300 公尺內座標進行去重。 | AE9: 否｜建議新增場域
A10: DOR-KEE-WAT-002 | B10: 基隆市 | C10: 中正區 | D10: 水岸／港口／漁港 | E10: 碧砂漁港 | F10: 碼頭、港區入口或水岸主地標 | G10: 25.147141 | H10: 121.78629 | I10: 4 | J10: ★★★★☆ | K10: 碧砂漁港具水岸視野、船舶、橋梁與市場形成明確場景，白天與黃昏皆有不同玩法。 | L10: 碧砂漁港散步任務｜由港區入口沿水岸前進，完成船舶或橋梁觀察，抵達市場、燈塔或碼頭終點。沿途至少完成三個檢查點。 | M10: 請留意潮汐、強風、港區作業、禁止進入區域與夜間照明；不靠近堤防邊緣。 | N10: 250 | O10: B｜Google 場域代表點 | P10: 採觀光署景點資料之 Google 場域代表座標；街區、港區或線性路線不應直接等同唯一 GPS 任務圓心，需再選定任務節點。 | Q10: 交通部觀光署觀光資訊資料庫（座標地圖以 Google 為主） | R10: https://data.gov.tw/dataset/7777 | S10: 2026-07-13 | T10: 城市散步 | U10: 03｜水岸、港口與漁港 | V10: 高 | W10: 45–75 分鐘 | X10: 3 | Y10: 港區或水岸入口／親水步道與船舶觀察點／橋梁、燈塔、市場或碼頭 | Z10: P1｜擴充 | AA10: https://www.google.com/maps/search/?api=1&query=%E7%A2%A7%E7%A0%82%E6%BC%81%E6%B8%AF%20%E4%B8%AD%E6%AD%A3%E5%8D%80%20%E5%9F%BA%E9%9A%86%E5%B8%82 | AB10: https://www.google.com/maps?q=25.147141,121.786290 | AC10: 港區／水岸場域代表點 | AD10: 新增六章節資料；正式合併 DOR 主表前，請以名稱、行政區及 300 公尺內座標進行去重。 | AE10: 否｜建議新增場域
A11: DOR-KEE-WAT-003 | B11: 基隆市 | C11: 中山區 | D11: 水岸／港口／漁港 | E11: 外木山情人湖濱海大道 | F11: 碼頭、港區入口或水岸主地標 | G11: 25.163322 | H11: 121.7271 | I11: 4 | J11: ★★★★☆ | K11: 外木山情人湖濱海大道具水岸視野、船舶、橋梁與市場形成明確場景，白天與黃昏皆有不同玩法。 | L11: 外木山情人湖濱海大道散步任務｜由港區入口沿水岸前進，完成船舶或橋梁觀察，抵達市場、燈塔或碼頭終點。記錄一個只有步行時才會注意到的細節。 | M11: 請留意潮汐、強風、港區作業、禁止進入區域與夜間照明；不靠近堤防邊緣。 | N11: 250 | O11: B｜Google 場域代表點 | P11: 採觀光署景點資料之 Google 場域代表座標；街區、港區或線性路線不應直接等同唯一 GPS 任務圓心，需再選定任務節點。 | Q11: 交通部觀光署觀光資訊資料庫（座標地圖以 Google 為主） | R11: https://data.gov.tw/dataset/7777 | S11: 2026-07-13 | T11: 城市散步 | U11: 03｜水岸、港口與漁港 | V11: 高 | W11: 45–75 分鐘 | X11: 3 | Y11: 港區或水岸入口／親水步道與船舶觀察點／橋梁、燈塔、市場或碼頭 | Z11: P1｜擴充 | AA11: https://www.google.com/maps/search/?api=1&query=%E5%A4%96%E6%9C%A8%E5%B1%B1%E6%83%85%E4%BA%BA%E6%B9%96%E6%BF%B1%E6%B5%B7%E5%A4%A7%E9%81%93%20%E4%B8%AD%E5%B1%B1%E5%8D%80%20%E5%9F%BA%E9%9A%86%E5%B8%82 | AB11: https://www.google.com/maps?q=25.163322,121.727100 | AC11: 港區／水岸場域代表點 | AD11: 新增六章節資料；正式合併 DOR 主表前，請以名稱、行政區及 300 公尺內座標進行去重。 | AE11: 否｜建議新增場域
A12: DOR-TAO-WAT-001 | B12: 桃園市 | C12: 大園區 | D12: 水岸／港口／漁港 | E12: 竹圍漁港 | F12: 碼頭、港區入口或水岸主地標 | G12: 25.116855 | H12: 121.24415 | I12: 5 | J12: ★★★★★ | K12: 竹圍漁港具水岸視野、船舶、橋梁與市場形成明確場景，白天與黃昏皆有不同玩法。 | L12: 竹圍漁港散步任務｜由港區入口沿水岸前進，完成船舶或橋梁觀察，抵達市場、燈塔或碼頭終點。以起點、途中與終點三張照片完成探索紀錄。 | M12: 請留意潮汐、強風、港區作業、禁止進入區域與夜間照明；不靠近堤防邊緣。 | N12: 250 | O12: B｜Google 場域代表點 | P12: 採觀光署景點資料之 Google 場域代表座標；街區、港區或線性路線不應直接等同唯一 GPS 任務圓心，需再選定任務節點。 | Q12: 交通部觀光署觀光資訊資料庫（座標地圖以 Google 為主） | R12: https://data.gov.tw/dataset/7777 | S12: 2026-07-13 | T12: 城市散步 | U12: 03｜水岸、港口與漁港 | V12: 高 | W12: 45–75 分鐘 | X12: 3 | Y12: 港區或水岸入口／親水步道與船舶觀察點／橋梁、燈塔、市場或碼頭 | Z12: P0｜核心 | AA12: https://www.google.com/maps/search/?api=1&query=%E7%AB%B9%E5%9C%8D%E6%BC%81%E6%B8%AF%20%E5%A4%A7%E5%9C%92%E5%8D%80%20%E6%A1%83%E5%9C%92%E5%B8%82 | AB12: https://www.google.com/maps?q=25.116855,121.244150 | AC12: 港區／水岸場域代表點 | AD12: 新增六章節資料；正式合併 DOR 主表前，請以名稱、行政區及 300 公尺內座標進行去重。 | AE12: 否｜建議新增場域
A13: DOR-TAO-WAT-002 | B13: 桃園市 | C13: 新屋區 | D13: 水岸／港口／漁港 | E13: 永安漁港 | F13: 碼頭、港區入口或水岸主地標 | G13: 24.987943 | H13: 121.01492 | I13: 5 | J13: ★★★★★ | K13: 永安漁港具水岸視野、船舶、橋梁與市場形成明確場景，白天與黃昏皆有不同玩法。 | L13: 永安漁港散步任務｜由港區入口沿水岸前進，完成船舶或橋梁觀察，抵達市場、燈塔或碼頭終點。在終點回答一題與場域故事有關的問題。 | M13: 請留意潮汐、強風、港區作業、禁止進入區域與夜間照明；不靠近堤防邊緣。 | N13: 250 | O13: B｜Google 場域代表點 | P13: 採觀光署景點資料之 Google 場域代表座標；街區、港區或線性路線不應直接等同唯一 GPS 任務圓心，需再選定任務節點。 | Q13: 交通部觀光署觀光資訊資料庫（座標地圖以 Google 為主） | R13: https://data.gov.tw/dataset/7777 | S13: 2026-07-13 | T13: 城市散步 | U13: 03｜水岸、港口與漁港 | V13: 高 | W13: 45–75 分鐘 | X13: 3 | Y13: 港區或水岸入口／親水步道與船舶觀察點／橋梁、燈塔、市場或碼頭 | Z13: P0｜核心 | AA13: https://www.google.com/maps/search/?api=1&query=%E6%B0%B8%E5%AE%89%E6%BC%81%E6%B8%AF%20%E6%96%B0%E5%B1%8B%E5%8D%80%20%E6%A1%83%E5%9C%92%E5%B8%82 | AB13: https://www.google.com/maps?q=24.987943,121.014920 | AC13: 港區／水岸場域代表點 | AD13: 新增六章節資料；正式合併 DOR 主表前，請以名稱、行政區及 300 公尺內座標進行去重。 | AE13: 否｜建議新增場域
A14: DOR-HSZ-WAT-001 | B14: 新竹市 | C14: 北區 | D14: 水岸／港口／漁港 | E14: 十七公里海岸風景區 | F14: 碼頭、港區入口或水岸主地標 | G14: 24.846239 | H14: 120.92589 | I14: 5 | J14: ★★★★★ | K14: 十七公里海岸風景區具水岸視野、船舶、橋梁與市場形成明確場景，白天與黃昏皆有不同玩法。 | L14: 十七公里海岸風景區散步任務｜由港區入口沿水岸前進，完成船舶或橋梁觀察，抵達市場、燈塔或碼頭終點。沿途至少完成三個檢查點。 | M14: 請留意潮汐、強風、港區作業、禁止進入區域與夜間照明；不靠近堤防邊緣。 | N14: 250 | O14: B｜Google 場域代表點 | P14: 採觀光署景點資料之 Google 場域代表座標；街區、港區或線性路線不應直接等同唯一 GPS 任務圓心，需再選定任務節點。 | Q14: 交通部觀光署觀光資訊資料庫（座標地圖以 Google 為主） | R14: https://data.gov.tw/dataset/7777 | S14: 2026-07-13 | T14: 城市散步 | U14: 03｜水岸、港口與漁港 | V14: 高 | W14: 45–75 分鐘 | X14: 3 | Y14: 港區或水岸入口／親水步道與船舶觀察點／橋梁、燈塔、市場或碼頭 | Z14: P0｜核心 | AA14: https://www.google.com/maps/search/?api=1&query=%E5%8D%81%E4%B8%83%E5%85%AC%E9%87%8C%E6%B5%B7%E5%B2%B8%E9%A2%A8%E6%99%AF%E5%8D%80%20%E5%8C%97%E5%8D%80%20%E6%96%B0%E7%AB%B9%E5%B8%82 | AB14: https://www.google.com/maps?q=24.846239,120.925890 | AC14: 港區／水岸場域代表點 | AD14: 新增六章節資料；正式合併 DOR 主表前，請以名稱、行政區及 300 公尺內座標進行去重。 | AE14: 否｜建議新增場域
... A27: DOR-PEN-WAT-001 | B27: 澎湖縣 | C27: 馬公市 | D27: 水岸／港口／漁港 | E27: 觀音亭親水遊憩區 | F27: 碼頭、港區入口或水岸主地標 | G27: 23.567592 | H27: 119.56206 | I27: 5 | J27: ★★★★★ | K27: 觀音亭親水遊憩區具水岸視野、船舶、橋梁與市場形成明確場景，白天與黃昏皆有不同玩法。 | L27: 觀音亭親水遊憩區散步任務｜由港區入口沿水岸前進，完成船舶或橋梁觀察，抵達市場、燈塔或碼頭終點。記錄一個只有步行時才會注意到的細節。 | M27: 請留意潮汐、強風、港區作業、禁止進入區域與夜間照明；不靠近堤防邊緣。 | N27: 250 | O27: B｜Google 場域代表點 | P27: 採觀光署景點資料之 Google 場域代表座標；街區、港區或線性路線不應直接等同唯一 GPS 任務圓心，需再選定任務節點。 | Q27: 交通部觀光署觀光資訊資料庫（座標地圖以 Google 為主） | R27: https://data.gov.tw/dataset/7777 | S27: 2026-07-13 | T27: 城市散步 | U27: 03｜水岸、港口與漁港 | V27: 高 | W27: 45–75 分鐘 | X27: 3 | Y27: 港區或水岸入口／親水步道與船舶觀察點／橋梁、燈塔、市場或碼頭 | Z27: P0｜核心 | AA27: https://www.google.com/maps/search/?api=1&query=%E8%A7%80%E9%9F%B3%E4%BA%AD%E8%A6%AA%E6%B0%B4%E9%81%8A%E6%86%A9%E5%8D%80%20%E9%A6%AC%E5%85%AC%E5%B8%82%20%E6%BE%8E%E6%B9%96%E7%B8%A3 | AB27: https://www.google.com/maps?q=23.567592,119.562060 | AC27: 港區／水岸場域代表點 | AD27: 新增六章節資料；正式合併 DOR 主表前，請以名稱、行政區及 300 公尺內座標進行去重。 | AE27: 是｜與既有公園同名，可共用場域

Sheet 04文化聚落產業
A1: DOR｜城市探索 04｜文化聚落與產業遺址｜共 25 處
A2: 地點ID | B2: 縣市 | C2: 行政區 | D2: 類型 | E2: 地點名稱 | F2: 打卡點定位 | G2: 緯度（WGS84） | H2: 經度（WGS84） | I2: 星等 | J2: 星等顯示 | K2: 熱門理由 | L2: 建議任務 | M2: 開放性備註 | N2: GPS半徑建議m | O2: 座標可信度 | P2: 座標設定說明 | Q2: 資料來源類型 | R2: 資料來源URL | S2: 整理日期 | T2: 主類別 | U2: 章節 | V2: 散步適合度 | W2: 建議時間 | X2: 建議距離km | Y2: 任務節點建議 | Z2: DOR收錄優先級 | AA2: Google Maps地標搜尋 | AB2: Google Maps座標檢視 | AC2: 座標場域類型 | AD2: 去重備註 | AE2: 與既有公園資料關係
A3: DOR-TPE-CUL-001 | B3: 臺北市 | C3: 中正區 | D3: 文化聚落／產業遺址 | E3: 華山1914文化創意產業園區 | F3: 園區入口／核心建築代表點 | G3: 25.04413 | H3: 121.52939 | I3: 5 | J3: ★★★★★ | K3: 華山1914文化創意產業園區具宿舍群、聚落、工業與地方產業遺構具完整故事，可設計角色與時代任務。 | L3: 華山1914文化創意產業園區散步任務｜從入口解說點進入，辨認一處生活建築與一處產業遺構，於核心地標完成任務。記錄一個只有步行時才會注意到的細節。 | M3: 部分園區有開放時間、門票或導覽規定；聚落任務應尊重居民與拍攝限制。 | N3: 160 | O3: A｜觀光署 Google 基準園區 POI | P3: 採觀光署景點資料之 Google 基準 POI 座標；正式上線前仍應確認圖釘名稱、入口與實際步行動線。 | Q3: 交通部觀光署觀光資訊資料庫（座標地圖以 Google 為主） | R3: https://data.gov.tw/dataset/7777 | S3: 2026-07-13 | T3: 城市散步 | U3: 04｜文化聚落與產業遺址 | V3: 高 | W3: 45–70 分鐘 | X3: 1.8 | Y3: 園區入口與解說／生活建築或聚落巷弄／產業遺構或核心展館 | Z3: P0｜核心 | AA3: https://www.google.com/maps/search/?api=1&query=%E8%8F%AF%E5%B1%B11914%E6%96%87%E5%8C%96%E5%89%B5%E6%84%8F%E7%94%A2%E6%A5%AD%E5%9C%92%E5%8D%80%20%E4%B8%AD%E6%AD%A3%E5%8D%80%20%E8%87%BA%E5%8C%97%E5%B8%82 | AB3: https://www.google.com/maps?q=25.044130,121.529390 | AC3: 文化／產業園區 POI | AD3: 新增六章節資料；正式合併 DOR 主表前，請以名稱、行政區及 300 公尺內座標進行去重。 | AE3: 否｜建議新增場域
A4: DOR-TPE-CUL-002 | B4: 臺北市 | C4: 信義區 | D4: 文化聚落／產業遺址 | E4: 松山文創園區 | F4: 園區入口／核心建築代表點 | G4: 25.043848 | H4: 121.56063 | I4: 5 | J4: ★★★★★ | K4: 松山文創園區具宿舍群、聚落、工業與地方產業遺構具完整故事，可設計角色與時代任務。 | L4: 松山文創園區散步任務｜從入口解說點進入，辨認一處生活建築與一處產業遺構，於核心地標完成任務。以起點、途中與終點三張照片完成探索紀錄。 | M4: 部分園區有開放時間、門票或導覽規定；聚落任務應尊重居民與拍攝限制。 | N4: 160 | O4: A｜觀光署 Google 基準園區 POI | P4: 採觀光署景點資料之 Google 基準 POI 座標；正式上線前仍應確認圖釘名稱、入口與實際步行動線。 | Q4: 交通部觀光署觀光資訊資料庫（座標地圖以 Google 為主） | R4: https://data.gov.tw/dataset/7777 | S4: 2026-07-13 | T4: 城市散步 | U4: 04｜文化聚落與產業遺址 | V4: 高 | W4: 45–70 分鐘 | X4: 1.8 | Y4: 園區入口與解說／生活建築或聚落巷弄／產業遺構或核心展館 | Z4: P0｜核心 | AA4: https://www.google.com/maps/search/?api=1&query=%E6%9D%BE%E5%B1%B1%E6%96%87%E5%89%B5%E5%9C%92%E5%8D%80%20%E4%BF%A1%E7%BE%A9%E5%8D%80%20%E8%87%BA%E5%8C%97%E5%B8%82 | AB4: https://www.google.com/maps?q=25.043848,121.560630 | AC4: 文化／產業園區 POI | AD4: 新增六章節資料；正式合併 DOR 主表前，請以名稱、行政區及 300 公尺內座標進行去重。 | AE4: 否｜建議新增場域
A5: DOR-TPE-CUL-003 | B5: 臺北市 | C5: 信義區 | D5: 文化聚落／產業遺址 | E5: 四四南村 | F5: 園區入口／核心建築代表點 | G5: 25.031161 | H5: 121.56179 | I5: 5 | J5: ★★★★★ | K5: 四四南村具宿舍群、聚落、工業與地方產業遺構具完整故事，可設計角色與時代任務。 | L5: 四四南村散步任務｜從入口解說點進入，辨認一處生活建築與一處產業遺構，於核心地標完成任務。在終點回答一題與場域故事有關的問題。 | M5: 部分園區有開放時間、門票或導覽規定；聚落任務應尊重居民與拍攝限制。 | N5: 160 | O5: A｜觀光署 Google 基準園區 POI | P5: 採觀光署景點資料之 Google 基準 POI 座標；正式上線前仍應確認圖釘名稱、入口與實際步行動線。 | Q5: 交通部觀光署觀光資訊資料庫（座標地圖以 Google 為主） | R5: https://data.gov.tw/dataset/7777 | S5: 2026-07-13 | T5: 城市散步 | U5: 04｜文化聚落與產業遺址 | V5: 高 | W5: 45–70 分鐘 | X5: 1.8 | Y5: 園區入口與解說／生活建築或聚落巷弄／產業遺構或核心展館 | Z5: P0｜核心 | AA5: https://www.google.com/maps/search/?api=1&query=%E5%9B%9B%E5%9B%9B%E5%8D%97%E6%9D%91%20%E4%BF%A1%E7%BE%A9%E5%8D%80%20%E8%87%BA%E5%8C%97%E5%B8%82 | AB5: https://www.google.com/maps?q=25.031161,121.561790 | AC5: 文化／產業園區 POI | AD5: 新增六章節資料；正式合併 DOR 主表前，請以名稱、行政區及 300 公尺內座標進行去重。 | AE5: 否｜建議新增場域
A6: DOR-TPE-CUL-004 | B6: 臺北市 | C6: 中山區 | D6: 文化聚落／產業遺址 | E6: 林安泰古厝民俗文物館 | F6: 園區入口／核心建築代表點 | G6: 25.071749 | H6: 121.53035 | I6: 4 | J6: ★★★★☆ | K6: 林安泰古厝民俗文物館具宿舍群、聚落、工業與地方產業遺構具完整故事，可設計角色與時代任務。 | L6: 林安泰古厝民俗文物館散步任務｜從入口解說點進入，辨認一處生活建築與一處產業遺構，於核心地標完成任務。沿途至少完成三個檢查點。 | M6: 部分園區有開放時間、門票或導覽規定；聚落任務應尊重居民與拍攝限制。 | N6: 160 | O6: A｜觀光署 Google 基準園區 POI | P6: 採觀光署景點資料之 Google 基準 POI 座標；正式上線前仍應確認圖釘名稱、入口與實際步行動線。 | Q6: 交通部觀光署觀光資訊資料庫（座標地圖以 Google 為主） | R6: https://data.gov.tw/dataset/7777 | S6: 2026-07-13 | T6: 城市散步 | U6: 04｜文化聚落與產業遺址 | V6: 高 | W6: 45–70 分鐘 | X6: 1.8 | Y6: 園區入口與解說／生活建築或聚落巷弄／產業遺構或核心展館 | Z6: P1｜擴充 | AA6: https://www.google.com/maps/search/?api=1&query=%E6%9E%97%E5%AE%89%E6%B3%B0%E5%8F%A4%E5%8E%9D%E6%B0%91%E4%BF%97%E6%96%87%E7%89%A9%E9%A4%A8%20%E4%B8%AD%E5%B1%B1%E5%8D%80%20%E8%87%BA%E5%8C%97%E5%B8%82 | AB6: https://www.google.com/maps?q=25.071749,121.530350 | AC6: 文化／產業園區 POI | AD6: 新增六章節資料；正式合併 DOR 主表前，請以名稱、行政區及 300 公尺內座標進行去重。 | AE6: 否｜建議新增場域
A7: DOR-NTP-CUL-001 | B7: 新北市 | C7: 板橋區 | D7: 文化聚落／產業遺址 | E7: 林本源園邸（板橋林家花園） | F7: 園區入口／核心建築代表點 | G7: 25.011119 | H7: 121.45459 | I7: 5 | J7: ★★★★★ | K7: 林本源園邸（板橋林家花園）具宿舍群、聚落、工業與地方產業遺構具完整故事，可設計角色與時代任務。 | L7: 林本源園邸（板橋林家花園）散步任務｜從入口解說點進入，辨認一處生活建築與一處產業遺構，於核心地標完成任務。記錄一個只有步行時才會注意到的細節。 | M7: 部分園區有開放時間、門票或導覽規定；聚落任務應尊重居民與拍攝限制。 | N7: 160 | O7: A｜觀光署 Google 基準園區 POI | P7: 採觀光署景點資料之 Google 基準 POI 座標；正式上線前仍應確認圖釘名稱、入口與實際步行動線。 | Q7: 交通部觀光署觀光資訊資料庫（座標地圖以 Google 為主） | R7: https://data.gov.tw/dataset/7777 | S7: 2026-07-13 | T7: 城市散步 | U7: 04｜文化聚落與產業遺址 | V7: 高 | W7: 45–70 分鐘 | X7: 1.8 | Y7: 園區入口與解說／生活建築或聚落巷弄／產業遺構或核心展館 | Z7: P0｜核心 | AA7: https://www.google.com/maps/search/?api=1&query=%E6%9E%97%E6%9C%AC%E6%BA%90%E5%9C%92%E9%82%B8%EF%BC%88%E6%9D%BF%E6%A9%8B%E6%9E%97%E5%AE%B6%E8%8A%B1%E5%9C%92%EF%BC%89%20%E6%9D%BF%E6%A9%8B%E5%8D%80%20%E6%96%B0%E5%8C%97%E5%B8%82 | AB7: https://www.google.com/maps?q=25.011119,121.454590 | AC7: 文化／產業園區 POI | AD7: 新增六章節資料；正式合併 DOR 主表前，請以名稱、行政區及 300 公尺內座標進行去重。 | AE7: 否｜建議新增場域
A8: DOR-NTP-CUL-002 | B8: 新北市 | C8: 烏來區 | D8: 文化聚落／產業遺址 | E8: 烏來泰雅民族博物館 | F8: 園區入口／核心建築代表點 | G8: 24.86409 | H8: 121.5515 | I8: 4 | J8: ★★★★☆ | K8: 烏來泰雅民族博物館具宿舍群、聚落、工業與地方產業遺構具完整故事，可設計角色與時代任務。 | L8: 烏來泰雅民族博物館散步任務｜從入口解說點進入，辨認一處生活建築與一處產業遺構，於核心地標完成任務。以起點、途中與終點三張照片完成探索紀錄。 | M8: 部分園區有開放時間、門票或導覽規定；聚落任務應尊重居民與拍攝限制。 | N8: 160 | O8: A｜觀光署 Google 基準園區 POI | P8: 採觀光署景點資料之 Google 基準 POI 座標；正式上線前仍應確認圖釘名稱、入口與實際步行動線。 | Q8: 交通部觀光署觀光資訊資料庫（座標地圖以 Google 為主） | R8: https://data.gov.tw/dataset/7777 | S8: 2026-07-13 | T8: 城市散步 | U8: 04｜文化聚落與產業遺址 | V8: 高 | W8: 45–70 分鐘 | X8: 1.8 | Y8: 園區入口與解說／生活建築或聚落巷弄／產業遺構或核心展館 | Z8: P1｜擴充 | AA8: https://www.google.com/maps/search/?api=1&query=%E7%83%8F%E4%BE%86%E6%B3%B0%E9%9B%85%E6%B0%91%E6%97%8F%E5%8D%9A%E7%89%A9%E9%A4%A8%20%E7%83%8F%E4%BE%86%E5%8D%80%20%E6%96%B0%E5%8C%97%E5%B8%82 | AB8: https://www.google.com/maps?q=24.864090,121.551500 | AC8: 文化／產業園區 POI | AD8: 新增六章節資料；正式合併 DOR 主表前，請以名稱、行政區及 300 公尺內座標進行去重。 | AE8: 否｜建議新增場域
A9: DOR-TAO-CUL-001 | B9: 桃園市 | C9: 新屋區 | D9: 文化聚落／產業遺址 | E9: 范姜老屋群 | F9: 園區入口／核心建築代表點 | G9: 24.976194 | H9: 121.10444 | I9: 4 | J9: ★★★★☆ | K9: 范姜老屋群具宿舍群、聚落、工業與地方產業遺構具完整故事，可設計角色與時代任務。 | L9: 范姜老屋群散步任務｜從入口解說點進入，辨認一處生活建築與一處產業遺構，於核心地標完成任務。在終點回答一題與場域故事有關的問題。 | M9: 部分園區有開放時間、門票或導覽規定；聚落任務應尊重居民與拍攝限制。 | N9: 200 | O9: B｜Google 場域代表點 | P9: 採觀光署景點資料之 Google 場域代表座標；街區、港區或線性路線不應直接等同唯一 GPS 任務圓心，需再選定任務節點。 | Q9: 交通部觀光署觀光資訊資料庫（座標地圖以 Google 為主） | R9: https://data.gov.tw/dataset/7777 | S9: 2026-07-13 | T9: 城市散步 | U9: 04｜文化聚落與產業遺址 | V9: 高 | W9: 45–70 分鐘 | X9: 1.8 | Y9: 園區入口與解說／生活建築或聚落巷弄／產業遺構或核心展館 | Z9: P1｜擴充 | AA9: https://www.google.com/maps/search/?api=1&query=%E8%8C%83%E5%A7%9C%E8%80%81%E5%B1%8B%E7%BE%A4%20%E6%96%B0%E5%B1%8B%E5%8D%80%20%E6%A1%83%E5%9C%92%E5%B8%82 | AB9: https://www.google.com/maps?q=24.976194,121.104440 | AC9: 文化聚落代表點 | AD9: 新增六章節資料；正式合併 DOR 主表前，請以名稱、行政區及 300 公尺內座標進行去重。 | AE9: 否｜建議新增場域
A10: DOR-TAO-CUL-002 | B10: 桃園市 | C10: 大溪區 | D10: 文化聚落／產業遺址 | E10: 大溪老茶廠 | F10: 園區入口／核心建築代表點 | G10: 24.830647 | H10: 121.32838 | I10: 5 | J10: ★★★★★ | K10: 大溪老茶廠具宿舍群、聚落、工業與地方產業遺構具完整故事，可設計角色與時代任務。 | L10: 大溪老茶廠散步任務｜從入口解說點進入，辨認一處生活建築與一處產業遺構，於核心地標完成任務。沿途至少完成三個檢查點。 | M10: 部分園區有開放時間、門票或導覽規定；聚落任務應尊重居民與拍攝限制。 | N10: 160 | O10: A｜觀光署 Google 基準園區 POI | P10: 採觀光署景點資料之 Google 基準 POI 座標；正式上線前仍應確認圖釘名稱、入口與實際步行動線。 | Q10: 交通部觀光署觀光資訊資料庫（座標地圖以 Google 為主） | R10: https://data.gov.tw/dataset/7777 | S10: 2026-07-13 | T10: 城市散步 | U10: 04｜文化聚落與產業遺址 | V10: 高 | W10: 45–70 分鐘 | X10: 1.8 | Y10: 園區入口與解說／生活建築或聚落巷弄／產業遺構或核心展館 | Z10: P0｜核心 | AA10: https://www.google.com/maps/search/?api=1&query=%E5%A4%A7%E6%BA%AA%E8%80%81%E8%8C%B6%E5%BB%A0%20%E5%A4%A7%E6%BA%AA%E5%8D%80%20%E6%A1%83%E5%9C%92%E5%B8%82 | AB10: https://www.google.com/maps?q=24.830647,121.328380 | AC10: 文化／產業園區 POI | AD10: 新增六章節資料；正式合併 DOR 主表前，請以名稱、行政區及 300 公尺內座標進行去重。 | AE10: 否｜建議新增場域
A11: DOR-HSQ-CUL-001 | B11: 新竹縣 | C11: 五峰鄉 | D11: 文化聚落／產業遺址 | E11: 張學良文化園區 | F11: 園區入口／核心建築代表點 | G11: 24.572472 | H11: 121.10536 | I11: 5 | J11: ★★★★★ | K11: 張學良文化園區具宿舍群、聚落、工業與地方產業遺構具完整故事，可設計角色與時代任務。 | L11: 張學良文化園區散步任務｜從入口解說點進入，辨認一處生活建築與一處產業遺構，於核心地標完成任務。記錄一個只有步行時才會注意到的細節。 | M11: 部分園區有開放時間、門票或導覽規定；聚落任務應尊重居民與拍攝限制。 | N11: 160 | O11: A｜觀光署 Google 基準園區 POI | P11: 採觀光署景點資料之 Google 基準 POI 座標；正式上線前仍應確認圖釘名稱、入口與實際步行動線。 | Q11: 交通部觀光署觀光資訊資料庫（座標地圖以 Google 為主） | R11: https://data.gov.tw/dataset/7777 | S11: 2026-07-13 | T11: 城市散步 | U11: 04｜文化聚落與產業遺址 | V11: 高 | W11: 45–70 分鐘 | X11: 1.8 | Y11: 園區入口與解說／生活建築或聚落巷弄／產業遺構或核心展館 | Z11: P0｜核心 | AA11: https://www.google.com/maps/search/?api=1&query=%E5%BC%B5%E5%AD%B8%E8%89%AF%E6%96%87%E5%8C%96%E5%9C%92%E5%8D%80%20%E4%BA%94%E5%B3%B0%E9%84%89%20%E6%96%B0%E7%AB%B9%E7%B8%A3 | AB11: https://www.google.com/maps?q=24.572472,121.105360 | AC11: 文化／產業園區 POI | AD11: 新增六章節資料；正式合併 DOR 主表前，請以名稱、行政區及 300 公尺內座標進行去重。 | AE11: 否｜建議新增場域
A12: DOR-MIA-CUL-001 | B12: 苗栗縣 | C12: 公館鄉 | D12: 文化聚落／產業遺址 | E12: 台灣油礦陳列館 | F12: 園區入口／核心建築代表點 | G12: 24.460023 | H12: 120.85601 | I12: 4 | J12: ★★★★☆ | K12: 台灣油礦陳列館具宿舍群、聚落、工業與地方產業遺構具完整故事，可設計角色與時代任務。 | L12: 台灣油礦陳列館散步任務｜從入口解說點進入，辨認一處生活建築與一處產業遺構，於核心地標完成任務。以起點、途中與終點三張照片完成探索紀錄。 | M12: 部分園區有開放時間、門票或導覽規定；聚落任務應尊重居民與拍攝限制。 | N12: 160 | O12: A｜觀光署 Google 基準園區 POI | P12: 採觀光署景點資料之 Google 基準 POI 座標；正式上線前仍應確認圖釘名稱、入口與實際步行動線。 | Q12: 交通部觀光署觀光資訊資料庫（座標地圖以 Google 為主） | R12: https://data.gov.tw/dataset/7777 | S12: 2026-07-13 | T12: 城市散步 | U12: 04｜文化聚落與產業遺址 | V12: 高 | W12: 45–70 分鐘 | X12: 1.8 | Y12: 園區入口與解說／生活建築或聚落巷弄／產業遺構或核心展館 | Z12: P1｜擴充 | AA12: https://www.google.com/maps/search/?api=1&query=%E5%8F%B0%E7%81%A3%E6%B2%B9%E7%A4%A6%E9%99%B3%E5%88%97%E9%A4%A8%20%E5%85%AC%E9%A4%A8%E9%84%89%20%E8%8B%97%E6%A0%97%E7%B8%A3 | AB12: https://www.google.com/maps?q=24.460023,120.856010 | AC12: 文化／產業園區 POI | AD12: 新增六章節資料；正式合併 DOR 主表前，請以名稱、行政區及 300 公尺內座標進行去重。 | AE12: 否｜建議新增場域
A13: DOR-CHA-CUL-001 | B13: 彰化縣 | C13: 鹿港鎮 | D13: 文化聚落／產業遺址 | E13: 鹿港民俗文物館 | F13: 園區入口／核心建築代表點 | G13: 24.053883 | H13: 120.43648 | I13: 4 | J13: ★★★★☆ | K13: 鹿港民俗文物館具宿舍群、聚落、工業與地方產業遺構具完整故事，可設計角色與時代任務。 | L13: 鹿港民俗文物館散步任務｜從入口解說點進入，辨認一處生活建築與一處產業遺構，於核心地標完成任務。在終點回答一題與場域故事有關的問題。 | M13: 部分園區有開放時間、門票或導覽規定；聚落任務應尊重居民與拍攝限制。 | N13: 160 | O13: A｜觀光署 Google 基準園區 POI | P13: 採觀光署景點資料之 Google 基準 POI 座標；正式上線前仍應確認圖釘名稱、入口與實際步行動線。 | Q13: 交通部觀光署觀光資訊資料庫（座標地圖以 Google 為主） | R13: https://data.gov.tw/dataset/7777 | S13: 2026-07-13 | T13: 城市散步 | U13: 04｜文化聚落與產業遺址 | V13: 高 | W13: 45–70 分鐘 | X13: 1.8 | Y13: 園區入口與解說／生活建築或聚落巷弄／產業遺構或核心展館 | Z13: P1｜擴充 | AA13: https://www.google.com/maps/search/?api=1&query=%E9%B9%BF%E6%B8%AF%E6%B0%91%E4%BF%97%E6%96%87%E7%89%A9%E9%A4%A8%20%E9%B9%BF%E6%B8%AF%E9%8E%AE%20%E5%BD%B0%E5%8C%96%E7%B8%A3 | AB13: https://www.google.com/maps?q=24.053883,120.436480 | AC13: 文化／產業園區 POI | AD13: 新增六章節資料；正式合併 DOR 主表前，請以名稱、行政區及 300 公尺內座標進行去重。 | AE13: 否｜建議新增場域
A14: DOR-MIA-CUL-002 | B14: 苗栗縣 | C14: 銅鑼鄉 | D14: 文化聚落／產業遺址 | E14: 臺灣客家文化館 | F14: 園區入口／核心建築代表點 | G14: 24.462385 | H14: 120.77124 | I14: 5 | J14: ★★★★★ | K14: 臺灣客家文化館具宿舍群、聚落、工業與地方產業遺構具完整故事，可設計角色與時代任務。 | L14: 臺灣客家文化館散步任務｜從入口解說點進入，辨認一處生活建築與一處產業遺構，於核心地標完成任務。沿途至少完成三個檢查點。 | M14: 部分園區有開放時間、門票或導覽規定；聚落任務應尊重居民與拍攝限制。 | N14: 160 | O14: A｜觀光署 Google 基準園區 POI | P14: 採觀光署景點資料之 Google 基準 POI 座標；正式上線前仍應確認圖釘名稱、入口與實際步行動線。 | Q14: 交通部觀光署觀光資訊資料庫（座標地圖以 Google 為主） | R14: https://data.gov.tw/dataset/7777 | S14: 2026-07-13 | T14: 城市散步 | U14: 04｜文化聚落與產業遺址 | V14: 高 | W14: 45–70 分鐘 | X14: 1.8 | Y14: 園區入口與解說／生活建築或聚落巷弄／產業遺構或核心展館 | Z14: P0｜核心 | AA14: https://www.google.com/maps/search/?api=1&query=%E8%87%BA%E7%81%A3%E5%AE%A2%E5%AE%B6%E6%96%87%E5%8C%96%E9%A4%A8%20%E9%8A%85%E9%91%BC%E9%84%89%20%E8%8B%97%E6%A0%97%E7%B8%A3 | AB14: https://www.google.com/maps?q=24.462385,120.771240 | AC14: 文化／產業園區 POI | AD14: 新增六章節資料；正式合併 DOR 主表前，請以名稱、行政區及 300 公尺內座標進行去重。 | AE14: 否｜建議新增場域
... A27: DOR-KIN-CUL-001 | B27: 金門縣 | C27: 金沙鎮 | D27: 文化聚落／產業遺址 | E27: 山后民俗文化村 | F27: 園區入口／核心建築代表點 | G27: 24.503811 | H27: 118.44041 | I27: 5 | J27: ★★★★★ | K27: 山后民俗文化村具宿舍群、聚落、工業與地方產業遺構具完整故事，可設計角色與時代任務。 | L27: 山后民俗文化村散步任務｜從入口解說點進入，辨認一處生活建築與一處產業遺構，於核心地標完成任務。記錄一個只有步行時才會注意到的細節。 | M27: 部分園區有開放時間、門票或導覽規定；聚落任務應尊重居民與拍攝限制。 | N27: 160 | O27: A｜觀光署 Google 基準園區 POI | P27: 採觀光署景點資料之 Google 基準 POI 座標；正式上線前仍應確認圖釘名稱、入口與實際步行動線。 | Q27: 交通部觀光署觀光資訊資料庫（座標地圖以 Google 為主） | R27: https://data.gov.tw/dataset/7777 | S27: 2026-07-13 | T27: 城市散步 | U27: 04｜文化聚落與產業遺址 | V27: 高 | W27: 45–70 分鐘 | X27: 1.8 | Y27: 園區入口與解說／生活建築或聚落巷弄／產業遺構或核心展館 | Z27: P0｜核心 | AA27: https://www.google.com/maps/search/?api=1&query=%E5%B1%B1%E5%90%8E%E6%B0%91%E4%BF%97%E6%96%87%E5%8C%96%E6%9D%91%20%E9%87%91%E6%B2%99%E9%8E%AE%20%E9%87%91%E9%96%80%E7%B8%A3 | AB27: https://www.google.com/maps?q=24.503811,118.440410 | AC27: 文化／產業園區 POI | AD27: 新增六章節資料；正式合併 DOR 主表前，請以名稱、行政區及 300 公尺內座標進行去重。 | AE27: 否｜建議新增場域

Sheet 05城市綠道水圳
A1: DOR｜城市探索 05｜城市綠道與水圳｜共 25 處
A2: 地點ID | B2: 縣市 | C2: 行政區 | D2: 類型 | E2: 地點名稱 | F2: 打卡點定位 | G2: 緯度（WGS84） | H2: 經度（WGS84） | I2: 星等 | J2: 星等顯示 | K2: 熱門理由 | L2: 建議任務 | M2: 開放性備註 | N2: GPS半徑建議m | O2: 座標可信度 | P2: 座標設定說明 | Q2: 資料來源類型 | R2: 資料來源URL | S2: 整理日期 | T2: 主類別 | U2: 章節 | V2: 散步適合度 | W2: 建議時間 | X2: 建議距離km | Y2: 任務節點建議 | Z2: DOR收錄優先級 | AA2: Google Maps地標搜尋 | AB2: Google Maps座標檢視 | AC2: 座標場域類型 | AD2: 去重備註 | AE2: 與既有公園資料關係
A3: DOR-TPE-GRN-001 | B3: 臺北市 | C3: 北投區 | D3: 城市綠道／水圳 | E3: 臺北大縱走關渡起點 | F3: 步道入口／綠道起點代表點 | G3: 25.12563 | H3: 121.4671 | I3: 5 | J3: ★★★★★ | K3: 臺北大縱走關渡起點具連續步行動線、林蔭與水系適合低強度散步，也能延伸里程與季節任務。 | L3: 臺北大縱走關渡起點散步任務｜由起點完成一段連續綠道，途中記錄自然節點，於折返點或終點完成里程打卡。記錄一個只有步行時才會注意到的細節。 | M3: 請確認步道、濕地與自行車道開放狀態；留意天候、照明、自行車及野生動物。 | N3: 300 | O3: B｜Google 場域代表點 | P3: 採觀光署景點資料之 Google 場域代表座標；街區、港區或線性路線不應直接等同唯一 GPS 任務圓心，需再選定任務節點。 | Q3: 交通部觀光署觀光資訊資料庫（座標地圖以 Google 為主） | R3: https://data.gov.tw/dataset/7777 | S3: 2026-07-13 | T3: 城市散步 | U3: 05｜城市綠道與水圳 | V3: 中高 | W3: 50–90 分鐘 | X3: 4 | Y3: 入口或起點／中段林蔭、水圳或生態節點／折返點、觀景點或終點 | Z3: P0｜核心 | AA3: https://www.google.com/maps/search/?api=1&query=%E8%87%BA%E5%8C%97%E5%A4%A7%E7%B8%B1%E8%B5%B0%E9%97%9C%E6%B8%A1%E8%B5%B7%E9%BB%9E%20%E5%8C%97%E6%8A%95%E5%8D%80%20%E8%87%BA%E5%8C%97%E5%B8%82 | AB3: https://www.google.com/maps?q=25.125630,121.467100 | AC3: 線性綠道／生態場域代表點 | AD3: 新增六章節資料；正式合併 DOR 主表前，請以名稱、行政區及 300 公尺內座標進行去重。 | AE3: 否｜建議新增場域
A4: DOR-NTP-GRN-001 | B4: 新北市 | C4: 淡水區 | D4: 城市綠道／水圳 | E4: 淡水紅樹林自然保留區 | F4: 步道入口／綠道起點代表點 | G4: 25.156302 | H4: 121.45655 | I4: 4 | J4: ★★★★☆ | K4: 淡水紅樹林自然保留區具連續步行動線、林蔭與水系適合低強度散步，也能延伸里程與季節任務。 | L4: 淡水紅樹林自然保留區散步任務｜由起點完成一段連續綠道，途中記錄自然節點，於折返點或終點完成里程打卡。以起點、途中與終點三張照片完成探索紀錄。 | M4: 請確認步道、濕地與自行車道開放狀態；留意天候、照明、自行車及野生動物。 | N4: 300 | O4: B｜Google 場域代表點 | P4: 採觀光署景點資料之 Google 場域代表座標；街區、港區或線性路線不應直接等同唯一 GPS 任務圓心，需再選定任務節點。 | Q4: 交通部觀光署觀光資訊資料庫（座標地圖以 Google 為主） | R4: https://data.gov.tw/dataset/7777 | S4: 2026-07-13 | T4: 城市散步 | U4: 05｜城市綠道與水圳 | V4: 中高 | W4: 50–90 分鐘 | X4: 4 | Y4: 入口或起點／中段林蔭、水圳或生態節點／折返點、觀景點或終點 | Z4: P1｜擴充 | AA4: https://www.google.com/maps/search/?api=1&query=%E6%B7%A1%E6%B0%B4%E7%B4%85%E6%A8%B9%E6%9E%97%E8%87%AA%E7%84%B6%E4%BF%9D%E7%95%99%E5%8D%80%20%E6%B7%A1%E6%B0%B4%E5%8D%80%20%E6%96%B0%E5%8C%97%E5%B8%82 | AB4: https://www.google.com/maps?q=25.156302,121.456550 | AC4: 線性綠道／生態場域代表點 | AD4: 新增六章節資料；正式合併 DOR 主表前，請以名稱、行政區及 300 公尺內座標進行去重。 | AE4: 否｜建議新增場域
A5: DOR-NTP-GRN-002 | B5: 新北市 | C5: 五股區 | D5: 城市綠道／水圳 | E5: 觀音山生態園區及林梢步道 | F5: 步道入口／綠道起點代表點 | G5: 25.12815 | H5: 121.41998 | I5: 4 | J5: ★★★★☆ | K5: 觀音山生態園區及林梢步道具連續步行動線、林蔭與水系適合低強度散步，也能延伸里程與季節任務。 | L5: 觀音山生態園區及林梢步道散步任務｜由起點完成一段連續綠道，途中記錄自然節點，於折返點或終點完成里程打卡。在終點回答一題與場域故事有關的問題。 | M5: 請確認步道、濕地與自行車道開放狀態；留意天候、照明、自行車及野生動物。 | N5: 300 | O5: B｜Google 場域代表點 | P5: 採觀光署景點資料之 Google 場域代表座標；街區、港區或線性路線不應直接等同唯一 GPS 任務圓心，需再選定任務節點。 | Q5: 交通部觀光署觀光資訊資料庫（座標地圖以 Google 為主） | R5: https://data.gov.tw/dataset/7777 | S5: 2026-07-13 | T5: 城市散步 | U5: 05｜城市綠道與水圳 | V5: 中高 | W5: 50–90 分鐘 | X5: 4 | Y5: 入口或起點／中段林蔭、水圳或生態節點／折返點、觀景點或終點 | Z5: P1｜擴充 | AA5: https://www.google.com/maps/search/?api=1&query=%E8%A7%80%E9%9F%B3%E5%B1%B1%E7%94%9F%E6%85%8B%E5%9C%92%E5%8D%80%E5%8F%8A%E6%9E%97%E6%A2%A2%E6%AD%A5%E9%81%93%20%E4%BA%94%E8%82%A1%E5%8D%80%20%E6%96%B0%E5%8C%97%E5%B8%82 | AB5: https://www.google.com/maps?q=25.128150,121.419980 | AC5: 線性綠道／生態場域代表點 | AD5: 新增六章節資料；正式合併 DOR 主表前，請以名稱、行政區及 300 公尺內座標進行去重。 | AE5: 否｜建議新增場域
A6: DOR-TAO-GRN-001 | B6: 桃園市 | C6: 新屋區 | D6: 城市綠道／水圳 | E6: 新屋綠色走廊 | F6: 步道入口／綠道起點代表點 | G6: 24.969406 | H6: 121.01238 | I6: 5 | J6: ★★★★★ | K6: 新屋綠色走廊具連續步行動線、林蔭與水系適合低強度散步，也能延伸里程與季節任務。 | L6: 新屋綠色走廊散步任務｜由起點完成一段連續綠道，途中記錄自然節點，於折返點或終點完成里程打卡。沿途至少完成三個檢查點。 | M6: 請確認步道、濕地與自行車道開放狀態；留意天候、照明、自行車及野生動物。 | N6: 300 | O6: B｜Google 場域代表點 | P6: 採觀光署景點資料之 Google 場域代表座標；街區、港區或線性路線不應直接等同唯一 GPS 任務圓心，需再選定任務節點。 | Q6: 交通部觀光署觀光資訊資料庫（座標地圖以 Google 為主） | R6: https://data.gov.tw/dataset/7777 | S6: 2026-07-13 | T6: 城市散步 | U6: 05｜城市綠道與水圳 | V6: 中高 | W6: 50–90 分鐘 | X6: 4 | Y6: 入口或起點／中段林蔭、水圳或生態節點／折返點、觀景點或終點 | Z6: P0｜核心 | AA6: https://www.google.com/maps/search/?api=1&query=%E6%96%B0%E5%B1%8B%E7%B6%A0%E8%89%B2%E8%B5%B0%E5%BB%8A%20%E6%96%B0%E5%B1%8B%E5%8D%80%20%E6%A1%83%E5%9C%92%E5%B8%82 | AB6: https://www.google.com/maps?q=24.969406,121.012380 | AC6: 線性綠道／生態場域代表點 | AD6: 新增六章節資料；正式合併 DOR 主表前，請以名稱、行政區及 300 公尺內座標進行去重。 | AE6: 否｜建議新增場域
A7: DOR-HSQ-GRN-001 | B7: 新竹縣 | C7: 峨眉鄉 | D7: 城市綠道／水圳 | E7: 六寮古道 | F7: 步道入口／綠道起點代表點 | G7: 24.655282 | H7: 121.02327 | I7: 4 | J7: ★★★★☆ | K7: 六寮古道具連續步行動線、林蔭與水系適合低強度散步，也能延伸里程與季節任務。 | L7: 六寮古道散步任務｜由起點完成一段連續綠道，途中記錄自然節點，於折返點或終點完成里程打卡。記錄一個只有步行時才會注意到的細節。 | M7: 請確認步道、濕地與自行車道開放狀態；留意天候、照明、自行車及野生動物。 | N7: 300 | O7: B｜Google 場域代表點 | P7: 採觀光署景點資料之 Google 場域代表座標；街區、港區或線性路線不應直接等同唯一 GPS 任務圓心，需再選定任務節點。 | Q7: 交通部觀光署觀光資訊資料庫（座標地圖以 Google 為主） | R7: https://data.gov.tw/dataset/7777 | S7: 2026-07-13 | T7: 城市散步 | U7: 05｜城市綠道與水圳 | V7: 中高 | W7: 50–90 分鐘 | X7: 4 | Y7: 入口或起點／中段林蔭、水圳或生態節點／折返點、觀景點或終點 | Z7: P1｜擴充 | AA7: https://www.google.com/maps/search/?api=1&query=%E5%85%AD%E5%AF%AE%E5%8F%A4%E9%81%93%20%E5%B3%A8%E7%9C%89%E9%84%89%20%E6%96%B0%E7%AB%B9%E7%B8%A3 | AB7: https://www.google.com/maps?q=24.655282,121.023270 | AC7: 線性綠道／生態場域代表點 | AD7: 新增六章節資料；正式合併 DOR 主表前，請以名稱、行政區及 300 公尺內座標進行去重。 | AE7: 否｜建議新增場域
A8: DOR-HSZ-GRN-001 | B8: 新竹市 | C8: 東區 | D8: 城市綠道／水圳 | E8: 青草湖 | F8: 步道入口／綠道起點代表點 | G8: 24.774934 | H8: 120.9709 | I8: 4 | J8: ★★★★☆ | K8: 青草湖具連續步行動線、林蔭與水系適合低強度散步，也能延伸里程與季節任務。 | L8: 青草湖散步任務｜由起點完成一段連續綠道，途中記錄自然節點，於折返點或終點完成里程打卡。以起點、途中與終點三張照片完成探索紀錄。 | M8: 請確認步道、濕地與自行車道開放狀態；留意天候、照明、自行車及野生動物。 | N8: 300 | O8: B｜Google 場域代表點 | P8: 採觀光署景點資料之 Google 場域代表座標；街區、港區或線性路線不應直接等同唯一 GPS 任務圓心，需再選定任務節點。 | Q8: 交通部觀光署觀光資訊資料庫（座標地圖以 Google 為主） | R8: https://data.gov.tw/dataset/7777 | S8: 2026-07-13 | T8: 城市散步 | U8: 05｜城市綠道與水圳 | V8: 中高 | W8: 50–90 分鐘 | X8: 4 | Y8: 入口或起點／中段林蔭、水圳或生態節點／折返點、觀景點或終點 | Z8: P1｜擴充 | AA8: https://www.google.com/maps/search/?api=1&query=%E9%9D%92%E8%8D%89%E6%B9%96%20%E6%9D%B1%E5%8D%80%20%E6%96%B0%E7%AB%B9%E5%B8%82 | AB8: https://www.google.com/maps?q=24.774934,120.970900 | AC8: 線性綠道／生態場域代表點 | AD8: 新增六章節資料；正式合併 DOR 主表前，請以名稱、行政區及 300 公尺內座標進行去重。 | AE8: 否｜建議新增場域
A9: DOR-HSZ-GRN-002 | B9: 新竹市 | C9: 東區 | D9: 城市綠道／水圳 | E9: 十八尖山 | F9: 步道入口／綠道起點代表點 | G9: 24.792534 | H9: 120.98459 | I9: 5 | J9: ★★★★★ | K9: 十八尖山具連續步行動線、林蔭與水系適合低強度散步，也能延伸里程與季節任務。 | L9: 十八尖山散步任務｜由起點完成一段連續綠道，途中記錄自然節點，於折返點或終點完成里程打卡。在終點回答一題與場域故事有關的問題。 | M9: 請確認步道、濕地與自行車道開放狀態；留意天候、照明、自行車及野生動物。 | N9: 300 | O9: B｜Google 場域代表點 | P9: 採觀光署景點資料之 Google 場域代表座標；街區、港區或線性路線不應直接等同唯一 GPS 任務圓心，需再選定任務節點。 | Q9: 交通部觀光署觀光資訊資料庫（座標地圖以 Google 為主） | R9: https://data.gov.tw/dataset/7777 | S9: 2026-07-13 | T9: 城市散步 | U9: 05｜城市綠道與水圳 | V9: 中高 | W9: 50–90 分鐘 | X9: 4 | Y9: 入口或起點／中段林蔭、水圳或生態節點／折返點、觀景點或終點 | Z9: P0｜核心 | AA9: https://www.google.com/maps/search/?api=1&query=%E5%8D%81%E5%85%AB%E5%B0%96%E5%B1%B1%20%E6%9D%B1%E5%8D%80%20%E6%96%B0%E7%AB%B9%E5%B8%82 | AB9: https://www.google.com/maps?q=24.792534,120.984590 | AC9: 線性綠道／生態場域代表點 | AD9: 新增六章節資料；正式合併 DOR 主表前，請以名稱、行政區及 300 公尺內座標進行去重。 | AE9: 可能｜與「十八尖山公園」相近，合併前確認
A10: DOR-MIA-GRN-001 | B10: 苗栗縣 | C10: 竹南鎮 | D10: 城市綠道／水圳 | E10: 塭子頭紅樹林生態保護區 | F10: 步道入口／綠道起點代表點 | G10: 24.666496 | H10: 120.84343 | I10: 4 | J10: ★★★★☆ | K10: 塭子頭紅樹林生態保護區具連續步行動線、林蔭與水系適合低強度散步，也能延伸里程與季節任務。 | L10: 塭子頭紅樹林生態保護區散步任務｜由起點完成一段連續綠道，途中記錄自然節點，於折返點或終點完成里程打卡。沿途至少完成三個檢查點。 | M10: 請確認步道、濕地與自行車道開放狀態；留意天候、照明、自行車及野生動物。 | N10: 300 | O10: B｜Google 場域代表點 | P10: 採觀光署景點資料之 Google 場域代表座標；街區、港區或線性路線不應直接等同唯一 GPS 任務圓心，需再選定任務節點。 | Q10: 交通部觀光署觀光資訊資料庫（座標地圖以 Google 為主） | R10: https://data.gov.tw/dataset/7777 | S10: 2026-07-13 | T10: 城市散步 | U10: 05｜城市綠道與水圳 | V10: 中高 | W10: 50–90 分鐘 | X10: 4 | Y10: 入口或起點／中段林蔭、水圳或生態節點／折返點、觀景點或終點 | Z10: P1｜擴充 | AA10: https://www.google.com/maps/search/?api=1&query=%E5%A1%AD%E5%AD%90%E9%A0%AD%E7%B4%85%E6%A8%B9%E6%9E%97%E7%94%9F%E6%85%8B%E4%BF%9D%E8%AD%B7%E5%8D%80%20%E7%AB%B9%E5%8D%97%E9%8E%AE%20%E8%8B%97%E6%A0%97%E7%B8%A3 | AB10: https://www.google.com/maps?q=24.666496,120.843430 | AC10: 線性綠道／生態場域代表點 | AD10: 新增六章節資料；正式合併 DOR 主表前，請以名稱、行政區及 300 公尺內座標進行去重。 | AE10: 否｜建議新增場域
A11: DOR-TXG-GRN-001 | B11: 臺中市 | C11: 清水區 | D11: 城市綠道／水圳 | E11: 高美濕地 | F11: 步道入口／綠道起點代表點 | G11: 24.311951 | H11: 120.54981 | I11: 5 | J11: ★★★★★ | K11: 高美濕地具連續步行動線、林蔭與水系適合低強度散步，也能延伸里程與季節任務。 | L11: 高美濕地散步任務｜由起點完成一段連續綠道，途中記錄自然節點，於折返點或終點完成里程打卡。記錄一個只有步行時才會注意到的細節。 | M11: 請確認步道、濕地與自行車道開放狀態；留意天候、照明、自行車及野生動物。 | N11: 300 | O11: B｜Google 場域代表點 | P11: 採觀光署景點資料之 Google 場域代表座標；街區、港區或線性路線不應直接等同唯一 GPS 任務圓心，需再選定任務節點。 | Q11: 交通部觀光署觀光資訊資料庫（座標地圖以 Google 為主） | R11: https://data.gov.tw/dataset/7777 | S11: 2026-07-13 | T11: 城市散步 | U11: 05｜城市綠道與水圳 | V11: 中高 | W11: 50–90 分鐘 | X11: 4 | Y11: 入口或起點／中段林蔭、水圳或生態節點／折返點、觀景點或終點 | Z11: P0｜核心 | AA11: https://www.google.com/maps/search/?api=1&query=%E9%AB%98%E7%BE%8E%E6%BF%95%E5%9C%B0%20%E6%B8%85%E6%B0%B4%E5%8D%80%20%E8%87%BA%E4%B8%AD%E5%B8%82 | AB11: https://www.google.com/maps?q=24.311951,120.549810 | AC11: 線性綠道／生態場域代表點 | AD11: 新增六章節資料；正式合併 DOR 主表前，請以名稱、行政區及 300 公尺內座標進行去重。 | AE11: 否｜建議新增場域
A12: DOR-TXG-GRN-002 | B12: 臺中市 | C12: 西區 | D12: 城市綠道／水圳 | E12: 草悟道 | F12: 步道入口／綠道起點代表點 | G12: 24.1484 | H12: 120.66477 | I12: 5 | J12: ★★★★★ | K12: 草悟道具連續步行動線、林蔭與水系適合低強度散步，也能延伸里程與季節任務。 | L12: 草悟道散步任務｜由起點完成一段連續綠道，途中記錄自然節點，於折返點或終點完成里程打卡。以起點、途中與終點三張照片完成探索紀錄。 | M12: 請確認步道、濕地與自行車道開放狀態；留意天候、照明、自行車及野生動物。 | N12: 300 | O12: B｜Google 場域代表點 | P12: 採觀光署景點資料之 Google 場域代表座標；街區、港區或線性路線不應直接等同唯一 GPS 任務圓心，需再選定任務節點。 | Q12: 交通部觀光署觀光資訊資料庫（座標地圖以 Google 為主） | R12: https://data.gov.tw/dataset/7777 | S12: 2026-07-13 | T12: 城市散步 | U12: 05｜城市綠道與水圳 | V12: 中高 | W12: 50–90 分鐘 | X12: 4 | Y12: 入口或起點／中段林蔭、水圳或生態節點／折返點、觀景點或終點 | Z12: P0｜核心 | AA12: https://www.google.com/maps/search/?api=1&query=%E8%8D%89%E6%82%9F%E9%81%93%20%E8%A5%BF%E5%8D%80%20%E8%87%BA%E4%B8%AD%E5%B8%82 | AB12: https://www.google.com/maps?q=24.148400,120.664770 | AC12: 線性綠道／生態場域代表點 | AD12: 新增六章節資料；正式合併 DOR 主表前，請以名稱、行政區及 300 公尺內座標進行去重。 | AE12: 是｜與既有公園同名，可共用場域
A13: DOR-TXG-GRN-003 | B13: 臺中市 | C13: 和平區 | D13: 城市綠道／水圳 | E13: 捎來步道 | F13: 步道入口／綠道起點代表點 | G13: 24.205635 | H13: 121.00572 | I13: 4 | J13: ★★★★☆ | K13: 捎來步道具連續步行動線、林蔭與水系適合低強度散步，也能延伸里程與季節任務。 | L13: 捎來步道散步任務｜由起點完成一段連續綠道，途中記錄自然節點，於折返點或終點完成里程打卡。在終點回答一題與場域故事有關的問題。 | M13: 請確認步道、濕地與自行車道開放狀態；留意天候、照明、自行車及野生動物。 | N13: 300 | O13: B｜Google 場域代表點 | P13: 採觀光署景點資料之 Google 場域代表座標；街區、港區或線性路線不應直接等同唯一 GPS 任務圓心，需再選定任務節點。 | Q13: 交通部觀光署觀光資訊資料庫（座標地圖以 Google 為主） | R13: https://data.gov.tw/dataset/7777 | S13: 2026-07-13 | T13: 城市散步 | U13: 05｜城市綠道與水圳 | V13: 中高 | W13: 50–90 分鐘 | X13: 4 | Y13: 入口或起點／中段林蔭、水圳或生態節點／折返點、觀景點或終點 | Z13: P1｜擴充 | AA13: https://www.google.com/maps/search/?api=1&query=%E6%8D%8E%E4%BE%86%E6%AD%A5%E9%81%93%20%E5%92%8C%E5%B9%B3%E5%8D%80%20%E8%87%BA%E4%B8%AD%E5%B8%82 | AB13: https://www.google.com/maps?q=24.205635,121.005720 | AC13: 線性綠道／生態場域代表點 | AD13: 新增六章節資料；正式合併 DOR 主表前，請以名稱、行政區及 300 公尺內座標進行去重。 | AE13: 否｜建議新增場域
A14: DOR-CHA-GRN-001 | B14: 彰化縣 | C14: 二水鄉 | D14: 城市綠道／水圳 | E14: 二水自行車道 | F14: 步道入口／綠道起點代表點 | G14: 23.814388 | H14: 120.61744 | I14: 5 | J14: ★★★★★ | K14: 二水自行車道具連續步行動線、林蔭與水系適合低強度散步，也能延伸里程與季節任務。 | L14: 二水自行車道散步任務｜由起點完成一段連續綠道，途中記錄自然節點，於折返點或終點完成里程打卡。沿途至少完成三個檢查點。 | M14: 請確認步道、濕地與自行車道開放狀態；留意天候、照明、自行車及野生動物。 | N14: 300 | O14: B｜Google 場域代表點 | P14: 採觀光署景點資料之 Google 場域代表座標；街區、港區或線性路線不應直接等同唯一 GPS 任務圓心，需再選定任務節點。 | Q14: 交通部觀光署觀光資訊資料庫（座標地圖以 Google 為主） | R14: https://data.gov.tw/dataset/7777 | S14: 2026-07-13 | T14: 城市散步 | U14: 05｜城市綠道與水圳 | V14: 中高 | W14: 50–90 分鐘 | X14: 4 | Y14: 入口或起點／中段林蔭、水圳或生態節點／折返點、觀景點或終點 | Z14: P0｜核心 | AA14: https://www.google.com/maps/search/?api=1&query=%E4%BA%8C%E6%B0%B4%E8%87%AA%E8%A1%8C%E8%BB%8A%E9%81%93%20%E4%BA%8C%E6%B0%B4%E9%84%89%20%E5%BD%B0%E5%8C%96%E7%B8%A3 | AB14: https://www.google.com/maps?q=23.814388,120.617440 | AC14: 線性綠道／生態場域代表點 | AD14: 新增六章節資料；正式合併 DOR 主表前，請以名稱、行政區及 300 公尺內座標進行去重。 | AE14: 否｜建議新增場域
... A27: DOR-KIN-GRN-001 | B27: 金門縣 | C27: 金寧鄉 | D27: 城市綠道／水圳 | E27: 金門慈湖慈堤 | F27: 步道入口／綠道起點代表點 | G27: 24.463408 | H27: 118.30054 | I27: 4 | J27: ★★★★☆ | K27: 金門慈湖慈堤具連續步行動線、林蔭與水系適合低強度散步，也能延伸里程與季節任務。 | L27: 金門慈湖慈堤散步任務｜由起點完成一段連續綠道，途中記錄自然節點，於折返點或終點完成里程打卡。記錄一個只有步行時才會注意到的細節。 | M27: 請確認步道、濕地與自行車道開放狀態；留意天候、照明、自行車及野生動物。 | N27: 300 | O27: B｜Google 場域代表點 | P27: 採觀光署景點資料之 Google 場域代表座標；街區、港區或線性路線不應直接等同唯一 GPS 任務圓心，需再選定任務節點。 | Q27: 交通部觀光署觀光資訊資料庫（座標地圖以 Google 為主） | R27: https://data.gov.tw/dataset/7777 | S27: 2026-07-13 | T27: 城市散步 | U27: 05｜城市綠道與水圳 | V27: 中高 | W27: 50–90 分鐘 | X27: 4 | Y27: 入口或起點／中段林蔭、水圳或生態節點／折返點、觀景點或終點 | Z27: P1｜擴充 | AA27: https://www.google.com/maps/search/?api=1&query=%E9%87%91%E9%96%80%E6%85%88%E6%B9%96%E6%85%88%E5%A0%A4%20%E9%87%91%E5%AF%A7%E9%84%89%20%E9%87%91%E9%96%80%E7%B8%A3 | AB27: https://www.google.com/maps?q=24.463408,118.300540 | AC27: 線性綠道／生態場域代表點 | AD27: 新增六章節資料；正式合併 DOR 主表前，請以名稱、行政區及 300 公尺內座標進行去重。 | AE27: 否｜建議新增場域

Sheet 06公共藝術建築
A1: DOR｜城市探索 06｜公共藝術與特色建築｜共 25 處
A2: 地點ID | B2: 縣市 | C2: 行政區 | D2: 類型 | E2: 地點名稱 | F2: 打卡點定位 | G2: 緯度（WGS84） | H2: 經度（WGS84） | I2: 星等 | J2: 星等顯示 | K2: 熱門理由 | L2: 建議任務 | M2: 開放性備註 | N2: GPS半徑建議m | O2: 座標可信度 | P2: 座標設定說明 | Q2: 資料來源類型 | R2: 資料來源URL | S2: 整理日期 | T2: 主類別 | U2: 章節 | V2: 散步適合度 | W2: 建議時間 | X2: 建議距離km | Y2: 任務節點建議 | Z2: DOR收錄優先級 | AA2: Google Maps地標搜尋 | AB2: Google Maps座標檢視 | AC2: 座標場域類型 | AD2: 去重備註 | AE2: 與既有公園資料關係
A3: DOR-TPE-ART-001 | B3: 臺北市 | C3: 北投區 | D3: 公共藝術／特色建築 | E3: 北投圖書館 | F3: 建築主入口／公共藝術核心地標 | G3: 25.136524 | H3: 121.50637 | I3: 5 | J3: ★★★★★ | K3: 北投圖書館具建築輪廓、公共藝術與觀看角度具高度分享性，適合觀察與拍照型探索。 | L3: 北投圖書館散步任務｜完成建築外觀巡遊，尋找一件公共藝術或特色細節，從指定角度拍照後終點打卡。記錄一個只有步行時才會注意到的細節。 | M3: 戶外空間優先；室內展館需確認開放時間、門票、拍攝與活動管制。 | N3: 120 | O3: A｜觀光署 Google 基準 POI | P3: 採觀光署景點資料之 Google 基準 POI 座標；正式上線前仍應確認圖釘名稱、入口與實際步行動線。 | Q3: 交通部觀光署觀光資訊資料庫（座標地圖以 Google 為主） | R3: https://data.gov.tw/dataset/7777 | S3: 2026-07-13 | T3: 城市散步 | U3: 06｜公共藝術與特色建築 | V3: 高 | W3: 35–60 分鐘 | X3: 1.5 | Y3: 主入口或建築正面／公共藝術或立面細節／最佳觀看角度或廣場終點 | Z3: P0｜核心 | AA3: https://www.google.com/maps/search/?api=1&query=%E5%8C%97%E6%8A%95%E5%9C%96%E6%9B%B8%E9%A4%A8%20%E5%8C%97%E6%8A%95%E5%8D%80%20%E8%87%BA%E5%8C%97%E5%B8%82 | AB3: https://www.google.com/maps?q=25.136524,121.506370 | AC3: 建築／公共藝術 POI | AD3: 新增六章節資料；正式合併 DOR 主表前，請以名稱、行政區及 300 公尺內座標進行去重。 | AE3: 否｜建議新增場域
A4: DOR-TPE-ART-002 | B4: 臺北市 | C4: 中正區 | D4: 公共藝術／特色建築 | E4: 國家兩廳院 | F4: 建築主入口／公共藝術核心地標 | G4: 25.036756 | H4: 121.51904 | I4: 5 | J4: ★★★★★ | K4: 國家兩廳院具建築輪廓、公共藝術與觀看角度具高度分享性，適合觀察與拍照型探索。 | L4: 國家兩廳院散步任務｜完成建築外觀巡遊，尋找一件公共藝術或特色細節，從指定角度拍照後終點打卡。以起點、途中與終點三張照片完成探索紀錄。 | M4: 戶外空間優先；室內展館需確認開放時間、門票、拍攝與活動管制。 | N4: 120 | O4: A｜觀光署 Google 基準 POI | P4: 採觀光署景點資料之 Google 基準 POI 座標；正式上線前仍應確認圖釘名稱、入口與實際步行動線。 | Q4: 交通部觀光署觀光資訊資料庫（座標地圖以 Google 為主） | R4: https://data.gov.tw/dataset/7777 | S4: 2026-07-13 | T4: 城市散步 | U4: 06｜公共藝術與特色建築 | V4: 高 | W4: 35–60 分鐘 | X4: 1.5 | Y4: 主入口或建築正面／公共藝術或立面細節／最佳觀看角度或廣場終點 | Z4: P0｜核心 | AA4: https://www.google.com/maps/search/?api=1&query=%E5%9C%8B%E5%AE%B6%E5%85%A9%E5%BB%B3%E9%99%A2%20%E4%B8%AD%E6%AD%A3%E5%8D%80%20%E8%87%BA%E5%8C%97%E5%B8%82 | AB4: https://www.google.com/maps?q=25.036756,121.519040 | AC4: 建築／公共藝術 POI | AD4: 新增六章節資料；正式合併 DOR 主表前，請以名稱、行政區及 300 公尺內座標進行去重。 | AE4: 否｜建議新增場域
A5: DOR-TPE-ART-003 | B5: 臺北市 | C5: 信義區 | D5: 公共藝術／特色建築 | E5: 台北101 | F5: 建築主入口／公共藝術核心地標 | G5: 25.033976 | H5: 121.56453 | I5: 5 | J5: ★★★★★ | K5: 台北101具建築輪廓、公共藝術與觀看角度具高度分享性，適合觀察與拍照型探索。 | L5: 台北101散步任務｜完成建築外觀巡遊，尋找一件公共藝術或特色細節，從指定角度拍照後終點打卡。在終點回答一題與場域故事有關的問題。 | M5: 戶外空間優先；室內展館需確認開放時間、門票、拍攝與活動管制。 | N5: 120 | O5: A｜觀光署 Google 基準 POI | P5: 採觀光署景點資料之 Google 基準 POI 座標；正式上線前仍應確認圖釘名稱、入口與實際步行動線。 | Q5: 交通部觀光署觀光資訊資料庫（座標地圖以 Google 為主） | R5: https://data.gov.tw/dataset/7777 | S5: 2026-07-13 | T5: 城市散步 | U5: 06｜公共藝術與特色建築 | V5: 高 | W5: 35–60 分鐘 | X5: 1.5 | Y5: 主入口或建築正面／公共藝術或立面細節／最佳觀看角度或廣場終點 | Z5: P0｜核心 | AA5: https://www.google.com/maps/search/?api=1&query=%E5%8F%B0%E5%8C%97101%20%E4%BF%A1%E7%BE%A9%E5%8D%80%20%E8%87%BA%E5%8C%97%E5%B8%82 | AB5: https://www.google.com/maps?q=25.033976,121.564530 | AC5: 建築／公共藝術 POI | AD5: 新增六章節資料；正式合併 DOR 主表前，請以名稱、行政區及 300 公尺內座標進行去重。 | AE5: 否｜建議新增場域
A6: DOR-TPE-ART-004 | B6: 臺北市 | C6: 萬華區 | D6: 公共藝術／特色建築 | E6: 西門紅樓 | F6: 建築主入口／公共藝術核心地標 | G6: 25.042013 | H6: 121.50685 | I6: 5 | J6: ★★★★★ | K6: 西門紅樓具建築輪廓、公共藝術與觀看角度具高度分享性，適合觀察與拍照型探索。 | L6: 西門紅樓散步任務｜完成建築外觀巡遊，尋找一件公共藝術或特色細節，從指定角度拍照後終點打卡。沿途至少完成三個檢查點。 | M6: 戶外空間優先；室內展館需確認開放時間、門票、拍攝與活動管制。 | N6: 120 | O6: A｜觀光署 Google 基準 POI | P6: 採觀光署景點資料之 Google 基準 POI 座標；正式上線前仍應確認圖釘名稱、入口與實際步行動線。 | Q6: 交通部觀光署觀光資訊資料庫（座標地圖以 Google 為主） | R6: https://data.gov.tw/dataset/7777 | S6: 2026-07-13 | T6: 城市散步 | U6: 06｜公共藝術與特色建築 | V6: 高 | W6: 35–60 分鐘 | X6: 1.5 | Y6: 主入口或建築正面／公共藝術或立面細節／最佳觀看角度或廣場終點 | Z6: P0｜核心 | AA6: https://www.google.com/maps/search/?api=1&query=%E8%A5%BF%E9%96%80%E7%B4%85%E6%A8%93%20%E8%90%AC%E8%8F%AF%E5%8D%80%20%E8%87%BA%E5%8C%97%E5%B8%82 | AB6: https://www.google.com/maps?q=25.042013,121.506850 | AC6: 建築／公共藝術 POI | AD6: 新增六章節資料；正式合併 DOR 主表前，請以名稱、行政區及 300 公尺內座標進行去重。 | AE6: 否｜建議新增場域
A7: DOR-TPE-ART-005 | B7: 臺北市 | C7: 中山區 | D7: 公共藝術／特色建築 | E7: 臺北市立美術館 | F7: 建築主入口／公共藝術核心地標 | G7: 25.072411 | H7: 121.52481 | I7: 5 | J7: ★★★★★ | K7: 臺北市立美術館具建築輪廓、公共藝術與觀看角度具高度分享性，適合觀察與拍照型探索。 | L7: 臺北市立美術館散步任務｜完成建築外觀巡遊，尋找一件公共藝術或特色細節，從指定角度拍照後終點打卡。記錄一個只有步行時才會注意到的細節。 | M7: 戶外空間優先；室內展館需確認開放時間、門票、拍攝與活動管制。 | N7: 120 | O7: A｜觀光署 Google 基準 POI | P7: 採觀光署景點資料之 Google 基準 POI 座標；正式上線前仍應確認圖釘名稱、入口與實際步行動線。 | Q7: 交通部觀光署觀光資訊資料庫（座標地圖以 Google 為主） | R7: https://data.gov.tw/dataset/7777 | S7: 2026-07-13 | T7: 城市散步 | U7: 06｜公共藝術與特色建築 | V7: 高 | W7: 35–60 分鐘 | X7: 1.5 | Y7: 主入口或建築正面／公共藝術或立面細節／最佳觀看角度或廣場終點 | Z7: P0｜核心 | AA7: https://www.google.com/maps/search/?api=1&query=%E8%87%BA%E5%8C%97%E5%B8%82%E7%AB%8B%E7%BE%8E%E8%A1%93%E9%A4%A8%20%E4%B8%AD%E5%B1%B1%E5%8D%80%20%E8%87%BA%E5%8C%97%E5%B8%82 | AB7: https://www.google.com/maps?q=25.072411,121.524810 | AC7: 建築／公共藝術 POI | AD7: 新增六章節資料；正式合併 DOR 主表前，請以名稱、行政區及 300 公尺內座標進行去重。 | AE7: 否｜建議新增場域
A8: DOR-TPE-ART-006 | B8: 臺北市 | C8: 中正區 | D8: 公共藝術／特色建築 | E8: 自來水園區－自來水博物館 | F8: 建築主入口／公共藝術核心地標 | G8: 25.012516 | H8: 121.53 | I8: 4 | J8: ★★★★☆ | K8: 自來水園區－自來水博物館具建築輪廓、公共藝術與觀看角度具高度分享性，適合觀察與拍照型探索。 | L8: 自來水園區－自來水博物館散步任務｜完成建築外觀巡遊，尋找一件公共藝術或特色細節，從指定角度拍照後終點打卡。以起點、途中與終點三張照片完成探索紀錄。 | M8: 戶外空間優先；室內展館需確認開放時間、門票、拍攝與活動管制。 | N8: 120 | O8: A｜觀光署 Google 基準 POI | P8: 採觀光署景點資料之 Google 基準 POI 座標；正式上線前仍應確認圖釘名稱、入口與實際步行動線。 | Q8: 交通部觀光署觀光資訊資料庫（座標地圖以 Google 為主） | R8: https://data.gov.tw/dataset/7777 | S8: 2026-07-13 | T8: 城市散步 | U8: 06｜公共藝術與特色建築 | V8: 高 | W8: 35–60 分鐘 | X8: 1.5 | Y8: 主入口或建築正面／公共藝術或立面細節／最佳觀看角度或廣場終點 | Z8: P1｜擴充 | AA8: https://www.google.com/maps/search/?api=1&query=%E8%87%AA%E4%BE%86%E6%B0%B4%E5%9C%92%E5%8D%80%EF%BC%8D%E8%87%AA%E4%BE%86%E6%B0%B4%E5%8D%9A%E7%89%A9%E9%A4%A8%20%E4%B8%AD%E6%AD%A3%E5%8D%80%20%E8%87%BA%E5%8C%97%E5%B8%82 | AB8: https://www.google.com/maps?q=25.012516,121.530000 | AC8: 建築／公共藝術 POI | AD8: 新增六章節資料；正式合併 DOR 主表前，請以名稱、行政區及 300 公尺內座標進行去重。 | AE8: 否｜建議新增場域
A9: DOR-NTP-ART-001 | B9: 新北市 | C9: 八里區 | D9: 公共藝術／特色建築 | E9: 十三行博物館 | F9: 建築主入口／公共藝術核心地標 | G9: 25.156873 | H9: 121.40485 | I9: 5 | J9: ★★★★★ | K9: 十三行博物館具建築輪廓、公共藝術與觀看角度具高度分享性，適合觀察與拍照型探索。 | L9: 十三行博物館散步任務｜完成建築外觀巡遊，尋找一件公共藝術或特色細節，從指定角度拍照後終點打卡。在終點回答一題與場域故事有關的問題。 | M9: 戶外空間優先；室內展館需確認開放時間、門票、拍攝與活動管制。 | N9: 120 | O9: A｜觀光署 Google 基準 POI | P9: 採觀光署景點資料之 Google 基準 POI 座標；正式上線前仍應確認圖釘名稱、入口與實際步行動線。 | Q9: 交通部觀光署觀光資訊資料庫（座標地圖以 Google 為主） | R9: https://data.gov.tw/dataset/7777 | S9: 2026-07-13 | T9: 城市散步 | U9: 06｜公共藝術與特色建築 | V9: 高 | W9: 35–60 分鐘 | X9: 1.5 | Y9: 主入口或建築正面／公共藝術或立面細節／最佳觀看角度或廣場終點 | Z9: P0｜核心 | AA9: https://www.google.com/maps/search/?api=1&query=%E5%8D%81%E4%B8%89%E8%A1%8C%E5%8D%9A%E7%89%A9%E9%A4%A8%20%E5%85%AB%E9%87%8C%E5%8D%80%20%E6%96%B0%E5%8C%97%E5%B8%82 | AB9: https://www.google.com/maps?q=25.156873,121.404850 | AC9: 建築／公共藝術 POI | AD9: 新增六章節資料；正式合併 DOR 主表前，請以名稱、行政區及 300 公尺內座標進行去重。 | AE9: 否｜建議新增場域
A10: DOR-NTP-ART-002 | B10: 新北市 | C10: 金山區 | D10: 公共藝術／特色建築 | E10: 朱銘美術館 | F10: 建築主入口／公共藝術核心地標 | G10: 25.246442 | H10: 121.61121 | I10: 5 | J10: ★★★★★ | K10: 朱銘美術館具建築輪廓、公共藝術與觀看角度具高度分享性，適合觀察與拍照型探索。 | L10: 朱銘美術館散步任務｜完成建築外觀巡遊，尋找一件公共藝術或特色細節，從指定角度拍照後終點打卡。沿途至少完成三個檢查點。 | M10: 戶外空間優先；室內展館需確認開放時間、門票、拍攝與活動管制。 | N10: 120 | O10: A｜觀光署 Google 基準 POI | P10: 採觀光署景點資料之 Google 基準 POI 座標；正式上線前仍應確認圖釘名稱、入口與實際步行動線。 | Q10: 交通部觀光署觀光資訊資料庫（座標地圖以 Google 為主） | R10: https://data.gov.tw/dataset/7777 | S10: 2026-07-13 | T10: 城市散步 | U10: 06｜公共藝術與特色建築 | V10: 高 | W10: 35–60 分鐘 | X10: 1.5 | Y10: 主入口或建築正面／公共藝術或立面細節／最佳觀看角度或廣場終點 | Z10: P0｜核心 | AA10: https://www.google.com/maps/search/?api=1&query=%E6%9C%B1%E9%8A%98%E7%BE%8E%E8%A1%93%E9%A4%A8%20%E9%87%91%E5%B1%B1%E5%8D%80%20%E6%96%B0%E5%8C%97%E5%B8%82 | AB10: https://www.google.com/maps?q=25.246442,121.611210 | AC10: 建築／公共藝術 POI | AD10: 新增六章節資料；正式合併 DOR 主表前，請以名稱、行政區及 300 公尺內座標進行去重。 | AE10: 否｜建議新增場域
A11: DOR-HSZ-ART-001 | B11: 新竹市 | C11: 北區 | D11: 公共藝術／特色建築 | E11: 新竹州廳（新竹市政府） | F11: 建築主入口／公共藝術核心地標 | G11: 24.806764 | H11: 120.96879 | I11: 4 | J11: ★★★★☆ | K11: 新竹州廳（新竹市政府）具建築輪廓、公共藝術與觀看角度具高度分享性，適合觀察與拍照型探索。 | L11: 新竹州廳（新竹市政府）散步任務｜完成建築外觀巡遊，尋找一件公共藝術或特色細節，從指定角度拍照後終點打卡。記錄一個只有步行時才會注意到的細節。 | M11: 戶外空間優先；室內展館需確認開放時間、門票、拍攝與活動管制。 | N11: 120 | O11: A｜觀光署 Google 基準 POI | P11: 採觀光署景點資料之 Google 基準 POI 座標；正式上線前仍應確認圖釘名稱、入口與實際步行動線。 | Q11: 交通部觀光署觀光資訊資料庫（座標地圖以 Google 為主） | R11: https://data.gov.tw/dataset/7777 | S11: 2026-07-13 | T11: 城市散步 | U11: 06｜公共藝術與特色建築 | V11: 高 | W11: 35–60 分鐘 | X11: 1.5 | Y11: 主入口或建築正面／公共藝術或立面細節／最佳觀看角度或廣場終點 | Z11: P1｜擴充 | AA11: https://www.google.com/maps/search/?api=1&query=%E6%96%B0%E7%AB%B9%E5%B7%9E%E5%BB%B3%EF%BC%88%E6%96%B0%E7%AB%B9%E5%B8%82%E6%94%BF%E5%BA%9C%EF%BC%89%20%E5%8C%97%E5%8D%80%20%E6%96%B0%E7%AB%B9%E5%B8%82 | AB11: https://www.google.com/maps?q=24.806764,120.968790 | AC11: 建築／公共藝術 POI | AD11: 新增六章節資料；正式合併 DOR 主表前，請以名稱、行政區及 300 公尺內座標進行去重。 | AE11: 否｜建議新增場域
A12: DOR-HSZ-ART-002 | B12: 新竹市 | C12: 北區 | D12: 公共藝術／特色建築 | E12: 玻璃工藝博物館 | F12: 建築主入口／公共藝術核心地標 | G12: 24.801313 | H12: 120.97811 | I12: 4 | J12: ★★★★☆ | K12: 玻璃工藝博物館具建築輪廓、公共藝術與觀看角度具高度分享性，適合觀察與拍照型探索。 | L12: 玻璃工藝博物館散步任務｜完成建築外觀巡遊，尋找一件公共藝術或特色細節，從指定角度拍照後終點打卡。以起點、途中與終點三張照片完成探索紀錄。 | M12: 戶外空間優先；室內展館需確認開放時間、門票、拍攝與活動管制。 | N12: 120 | O12: A｜觀光署 Google 基準 POI | P12: 採觀光署景點資料之 Google 基準 POI 座標；正式上線前仍應確認圖釘名稱、入口與實際步行動線。 | Q12: 交通部觀光署觀光資訊資料庫（座標地圖以 Google 為主） | R12: https://data.gov.tw/dataset/7777 | S12: 2026-07-13 | T12: 城市散步 | U12: 06｜公共藝術與特色建築 | V12: 高 | W12: 35–60 分鐘 | X12: 1.5 | Y12: 主入口或建築正面／公共藝術或立面細節／最佳觀看角度或廣場終點 | Z12: P1｜擴充 | AA12: https://www.google.com/maps/search/?api=1&query=%E7%8E%BB%E7%92%83%E5%B7%A5%E8%97%9D%E5%8D%9A%E7%89%A9%E9%A4%A8%20%E5%8C%97%E5%8D%80%20%E6%96%B0%E7%AB%B9%E5%B8%82 | AB12: https://www.google.com/maps?q=24.801313,120.978110 | AC12: 建築／公共藝術 POI | AD12: 新增六章節資料；正式合併 DOR 主表前，請以名稱、行政區及 300 公尺內座標進行去重。 | AE12: 否｜建議新增場域
A13: DOR-MIA-ART-001 | B13: 苗栗縣 | C13: 三義鄉 | D13: 公共藝術／特色建築 | E13: 三義木雕博物館 | F13: 建築主入口／公共藝術核心地標 | G13: 24.406005 | H13: 120.76118 | I13: 4 | J13: ★★★★☆ | K13: 三義木雕博物館具建築輪廓、公共藝術與觀看角度具高度分享性，適合觀察與拍照型探索。 | L13: 三義木雕博物館散步任務｜完成建築外觀巡遊，尋找一件公共藝術或特色細節，從指定角度拍照後終點打卡。在終點回答一題與場域故事有關的問題。 | M13: 戶外空間優先；室內展館需確認開放時間、門票、拍攝與活動管制。 | N13: 120 | O13: A｜觀光署 Google 基準 POI | P13: 採觀光署景點資料之 Google 基準 POI 座標；正式上線前仍應確認圖釘名稱、入口與實際步行動線。 | Q13: 交通部觀光署觀光資訊資料庫（座標地圖以 Google 為主） | R13: https://data.gov.tw/dataset/7777 | S13: 2026-07-13 | T13: 城市散步 | U13: 06｜公共藝術與特色建築 | V13: 高 | W13: 35–60 分鐘 | X13: 1.5 | Y13: 主入口或建築正面／公共藝術或立面細節／最佳觀看角度或廣場終點 | Z13: P1｜擴充 | AA13: https://www.google.com/maps/search/?api=1&query=%E4%B8%89%E7%BE%A9%E6%9C%A8%E9%9B%95%E5%8D%9A%E7%89%A9%E9%A4%A8%20%E4%B8%89%E7%BE%A9%E9%84%89%20%E8%8B%97%E6%A0%97%E7%B8%A3 | AB13: https://www.google.com/maps?q=24.406005,120.761180 | AC13: 建築／公共藝術 POI | AD13: 新增六章節資料；正式合併 DOR 主表前，請以名稱、行政區及 300 公尺內座標進行去重。 | AE13: 否｜建議新增場域
A14: DOR-TXG-ART-001 | B14: 臺中市 | C14: 西屯區 | D14: 公共藝術／特色建築 | E14: 臺中國家歌劇院 | F14: 建築主入口／公共藝術核心地標 | G14: 24.162649 | H14: 120.6403 | I14: 5 | J14: ★★★★★ | K14: 臺中國家歌劇院具建築輪廓、公共藝術與觀看角度具高度分享性，適合觀察與拍照型探索。 | L14: 臺中國家歌劇院散步任務｜完成建築外觀巡遊，尋找一件公共藝術或特色細節，從指定角度拍照後終點打卡。沿途至少完成三個檢查點。 | M14: 戶外空間優先；室內展館需確認開放時間、門票、拍攝與活動管制。 | N14: 120 | O14: A｜觀光署 Google 基準 POI | P14: 採觀光署景點資料之 Google 基準 POI 座標；正式上線前仍應確認圖釘名稱、入口與實際步行動線。 | Q14: 交通部觀光署觀光資訊資料庫（座標地圖以 Google 為主） | R14: https://data.gov.tw/dataset/7777 | S14: 2026-07-13 | T14: 城市散步 | U14: 06｜公共藝術與特色建築 | V14: 高 | W14: 35–60 分鐘 | X14: 1.5 | Y14: 主入口或建築正面／公共藝術或立面細節／最佳觀看角度或廣場終點 | Z14: P0｜核心 | AA14: https://www.google.com/maps/search/?api=1&query=%E8%87%BA%E4%B8%AD%E5%9C%8B%E5%AE%B6%E6%AD%8C%E5%8A%87%E9%99%A2%20%E8%A5%BF%E5%B1%AF%E5%8D%80%20%E8%87%BA%E4%B8%AD%E5%B8%82 | AB14: https://www.google.com/maps?q=24.162649,120.640300 | AC14: 建築／公共藝術 POI | AD14: 新增六章節資料；正式合併 DOR 主表前，請以名稱、行政區及 300 公尺內座標進行去重。 | AE14: 否｜建議新增場域
... A27: DOR-TTT-ART-001 | B27: 臺東縣 | C27: 臺東市 | D27: 公共藝術／特色建築 | E27: 卑南遺址公園 | F27: 建築主入口／公共藝術核心地標 | G27: 22.792165 | H27: 121.11593 | I27: 5 | J27: ★★★★★ | K27: 卑南遺址公園具建築輪廓、公共藝術與觀看角度具高度分享性，適合觀察與拍照型探索。 | L27: 卑南遺址公園散步任務｜完成建築外觀巡遊，尋找一件公共藝術或特色細節，從指定角度拍照後終點打卡。記錄一個只有步行時才會注意到的細節。 | M27: 戶外空間優先；室內展館需確認開放時間、門票、拍攝與活動管制。 | N27: 120 | O27: A｜觀光署 Google 基準 POI | P27: 採觀光署景點資料之 Google 基準 POI 座標；正式上線前仍應確認圖釘名稱、入口與實際步行動線。 | Q27: 交通部觀光署觀光資訊資料庫（座標地圖以 Google 為主） | R27: https://data.gov.tw/dataset/7777 | S27: 2026-07-13 | T27: 城市散步 | U27: 06｜公共藝術與特色建築 | V27: 高 | W27: 35–60 分鐘 | X27: 1.5 | Y27: 主入口或建築正面／公共藝術或立面細節／最佳觀看角度或廣場終點 | Z27: P0｜核心 | AA27: https://www.google.com/maps/search/?api=1&query=%E5%8D%91%E5%8D%97%E9%81%BA%E5%9D%80%E5%85%AC%E5%9C%92%20%E8%87%BA%E6%9D%B1%E5%B8%82%20%E8%87%BA%E6%9D%B1%E7%B8%A3 | AB27: https://www.google.com/maps?q=22.792165,121.115930 | AC27: 建築／公共藝術 POI | AD27: 新增六章節資料；正式合併 DOR 主表前，請以名稱、行政區及 300 公尺內座標進行去重。 | AE27: 否｜建議新增場域

Sheet 六章節摘要
A1: DOR｜城市探索 六大散步章節摘要
A2: 章節 | B2: 收錄數 | C2: P0核心 | D2: P1擴充 | E2: A｜POI | F2: B｜場域代表點 | G2: 涵蓋縣市數 | H2: 建議時間 | I2: 典型任務
A3: 01｜老街與歷史街區 | B3: 25 | C3: 14 | D3: 11 | E3: 1 | F3: 24 | G3: 14 | H3: 40–60 分鐘 | I3: 街區入口或牌樓／主要街屋與支巷／歷史地標或終點廣場
A4: 02｜鐵道與舊鐵路 | B4: 25 | C4: 13 | D4: 12 | E4: 17 | F4: 8 | G4: 12 | H4: 45–75 分鐘 | I4: 站房或隧道口／月台、鐵橋或鐵道設施／終點聚落或產業地標
A5: 03｜水岸、港口與漁港 | B5: 25 | C5: 15 | D5: 10 | E5: 0 | F5: 25 | G5: 16 | H5: 45–75 分鐘 | I5: 港區或水岸入口／親水步道與船舶觀察點／橋梁、燈塔、市場或碼頭
A6: 04｜文化聚落與產業遺址 | B6: 25 | C6: 17 | D6: 8 | E6: 20 | F6: 5 | G6: 12 | H6: 45–70 分鐘 | I6: 園區入口與解說／生活建築或聚落巷弄／產業遺構或核心展館
A7: 05｜城市綠道與水圳 | B7: 25 | C7: 14 | D7: 11 | E7: 0 | F7: 25 | G7: 17 | H7: 50–90 分鐘 | I7: 入口或起點／中段林蔭、水圳或生態節點／折返點、觀景點或終點
A8: 06｜公共藝術與特色建築 | B8: 25 | C8: 17 | D8: 8 | E8: 25 | F8: 0 | G8: 14 | H8: 35–60 分鐘 | I8: 主入口或建築正面／公共藝術或立面細節／最佳觀看角度或廣場終點
A9: 合計 | B9: 150 | C9: 90 | D9: 60 | E9: 63 | F9: 87 | G9: 22 | H9: 35–90 分鐘 | I9: 起點＋途中觀察＋終點
A12: 縣市 | B12: 六章節收錄數 | C12: 涵蓋章節數 | E12: 與既有公園關係 | F12: 筆數 | G12: 處理建議
A13: 臺北市 | B13: 15 | C13: 5 | E13: 同名／可共用 | F13: 6 | G13: 優先共用場域，另建立不同主題路線
A14: 新北市 | B14: 20 | C14: 6 | E14: 可能同場域 | F14: 6 | G14: 合併前以名稱與地圖人工確認
A15: 基隆市 | B15: 3 | C15: 1 | E15: 建議新增 | F15: 138 | G15: 可建立新的場域主資料
A16: 桃園市 | B16: 8 | C16: 4
A17: 新竹市 | B17: 6 | C17: 4
A18: 新竹縣 | B18: 6 | C18: 4
A19: 苗栗縣 | B19: 10 | C19: 6
A20: 臺中市 | B20: 9 | C20: 4
A21: 彰化縣 | B21: 7 | C21: 6
A22: 南投縣 | B22: 7 | C22: 3
A23: 雲林縣 | B23: 3 | C23: 3
A24: 嘉義市 | B24: 5 | C24: 3
A25: 嘉義縣 | B25: 5 | C25: 4
A26: 臺南市 | B26: 10 | C26: 5
A27: 高雄市 | B27: 9 | C27: 4
... A34: 連江縣 | B34: 1 | C34: 1

Sheet 六章節Google複核
A1: Google Maps 優先複核清單｜共 87 處場域代表座標
A2: 地點ID | B2: 章節 | C2: 縣市 | D2: 行政區 | E2: 地點名稱 | F2: 緯度 | G2: 經度 | H2: 座標可信度 | I2: 座標場域類型 | J2: DOR優先級 | K2: Google Maps地標搜尋 | L2: Google Maps座標檢視 | M2: 與既有公園資料關係 | N2: 複核重點
A3: DOR-PIF-HIS-001 | B3: 01｜老街與歷史街區 | C3: 屏東縣 | D3: 恆春鎮 | E3: 恆春古城 | F3: 22.00086 | G3: 120.74478 | H3: B｜Google 場域代表點 | I3: 街區／聚落代表點 | J3: P0｜核心 | K3: https://www.google.com/maps/search/?api=1&query=%E6%81%86%E6%98%A5%E5%8F%A4%E5%9F%8E%20%E6%81%86%E6%98%A5%E9%8E%AE%20%E5%B1%8F%E6%9D%B1%E7%B8%A3 | L3: https://www.google.com/maps?q=22.000860,120.744780 | M3: 否｜建議新增場域 | N3: 確認 Google Maps 圖釘是否為主入口或核心地標；另選任務起點、途中節點與終點。
A4: DOR-CHA-HIS-001 | B4: 01｜老街與歷史街區 | C4: 彰化縣 | D4: 鹿港鎮 | E4: 鹿港老街 | F4: 24.055906 | G4: 120.43289 | H4: B｜Google 場域代表點 | I4: 街區／聚落代表點 | J4: P0｜核心 | K4: https://www.google.com/maps/search/?api=1&query=%E9%B9%BF%E6%B8%AF%E8%80%81%E8%A1%97%20%E9%B9%BF%E6%B8%AF%E9%8E%AE%20%E5%BD%B0%E5%8C%96%E7%B8%A3 | L4: https://www.google.com/maps?q=24.055906,120.432890 | M4: 否｜建議新增場域 | N4: 確認 Google Maps 圖釘是否為主入口或核心地標；另選任務起點、途中節點與終點。
A5: DOR-NTP-HIS-003 | B5: 01｜老街與歷史街區 | C5: 新北市 | D5: 三峽區 | E5: 三峽老街 | F5: 24.934516 | G5: 121.37029 | H5: B｜Google 場域代表點 | I5: 街區／聚落代表點 | J5: P0｜核心 | K5: https://www.google.com/maps/search/?api=1&query=%E4%B8%89%E5%B3%BD%E8%80%81%E8%A1%97%20%E4%B8%89%E5%B3%BD%E5%8D%80%20%E6%96%B0%E5%8C%97%E5%B8%82 | L5: https://www.google.com/maps?q=24.934516,121.370290 | M5: 否｜建議新增場域 | N5: 確認 Google Maps 圖釘是否為主入口或核心地標；另選任務起點、途中節點與終點。
A6: DOR-NTP-HIS-001 | B6: 01｜老街與歷史街區 | C6: 新北市 | D6: 瑞芳區 | E6: 九份 | F6: 25.109819 | G6: 121.84341 | H6: B｜Google 場域代表點 | I6: 街區／聚落代表點 | J6: P0｜核心 | K6: https://www.google.com/maps/search/?api=1&query=%E4%B9%9D%E4%BB%BD%20%E7%91%9E%E8%8A%B3%E5%8D%80%20%E6%96%B0%E5%8C%97%E5%B8%82 | L6: https://www.google.com/maps?q=25.109819,121.843410 | M6: 否｜建議新增場域 | N6: 確認 Google Maps 圖釘是否為主入口或核心地標；另選任務起點、途中節點與終點。
A7: DOR-NTP-HIS-002 | B7: 01｜老街與歷史街區 | C7: 新北市 | D7: 淡水區 | E7: 淡水老街 | F7: 25.171038 | G7: 121.43895 | H7: B｜Google 場域代表點 | I7: 街區／聚落代表點 | J7: P0｜核心 | K7: https://www.google.com/maps/search/?api=1&query=%E6%B7%A1%E6%B0%B4%E8%80%81%E8%A1%97%20%E6%B7%A1%E6%B0%B4%E5%8D%80%20%E6%96%B0%E5%8C%97%E5%B8%82 | L7: https://www.google.com/maps?q=25.171038,121.438950 | M7: 否｜建議新增場域 | N7: 確認 Google Maps 圖釘是否為主入口或核心地標；另選任務起點、途中節點與終點。
A8: DOR-HSQ-HIS-001 | B8: 01｜老街與歷史街區 | C8: 新竹縣 | D8: 北埔鄉 | E8: 北埔老街 | F8: 24.699816 | G8: 121.05722 | H8: B｜Google 場域代表點 | I8: 街區／聚落代表點 | J8: P0｜核心 | K8: https://www.google.com/maps/search/?api=1&query=%E5%8C%97%E5%9F%94%E8%80%81%E8%A1%97%20%E5%8C%97%E5%9F%94%E9%84%89%20%E6%96%B0%E7%AB%B9%E7%B8%A3 | L8: https://www.google.com/maps?q=24.699816,121.057220 | M8: 否｜建議新增場域 | N8: 確認 Google Maps 圖釘是否為主入口或核心地標；另選任務起點、途中節點與終點。
A9: DOR-TAO-HIS-001 | B9: 01｜老街與歷史街區 | C9: 桃園市 | D9: 大溪區 | E9: 大溪老街 | F9: 24.885186 | G9: 121.28747 | H9: B｜Google 場域代表點 | I9: 街區／聚落代表點 | J9: P0｜核心 | K9: https://www.google.com/maps/search/?api=1&query=%E5%A4%A7%E6%BA%AA%E8%80%81%E8%A1%97%20%E5%A4%A7%E6%BA%AA%E5%8D%80%20%E6%A1%83%E5%9C%92%E5%B8%82 | L9: https://www.google.com/maps?q=24.885186,121.287470 | M9: 否｜建議新增場域 | N9: 確認 Google Maps 圖釘是否為主入口或核心地標；另選任務起點、途中節點與終點。
A10: DOR-PEN-HIS-001 | B10: 01｜老街與歷史街區 | C10: 澎湖縣 | D10: 馬公市 | E10: 中央老街 | F10: 23.564864 | G10: 119.56487 | H10: B｜Google 場域代表點 | I10: 街區／聚落代表點 | J10: P0｜核心 | K10: https://www.google.com/maps/search/?api=1&query=%E4%B8%AD%E5%A4%AE%E8%80%81%E8%A1%97%20%E9%A6%AC%E5%85%AC%E5%B8%82%20%E6%BE%8E%E6%B9%96%E7%B8%A3 | L10: https://www.google.com/maps?q=23.564864,119.564870 | M10: 否｜建議新增場域 | N10: 確認 Google Maps 圖釘是否為主入口或核心地標；另選任務起點、途中節點與終點。
A11: DOR-TPE-HIS-002 | B11: 01｜老街與歷史街區 | C11: 臺北市 | D11: 萬華區 | E11: 剝皮寮老街 | F11: 25.036838 | G11: 121.50216 | H11: B｜Google 場域代表點 | I11: 街區／聚落代表點 | J11: P0｜核心 | K11: https://www.google.com/maps/search/?api=1&query=%E5%89%9D%E7%9A%AE%E5%AF%AE%E8%80%81%E8%A1%97%20%E8%90%AC%E8%8F%AF%E5%8D%80%20%E8%87%BA%E5%8C%97%E5%B8%82 | L11: https://www.google.com/maps?q=25.036838,121.502160 | M11: 否｜建議新增場域 | N11: 確認 Google Maps 圖釘是否為主入口或核心地標；另選任務起點、途中節點與終點。
A12: DOR-TPE-HIS-001 | B12: 01｜老街與歷史街區 | C12: 臺北市 | D12: 大同區 | E12: 迪化街－年貨大街 | F12: 25.055104 | G12: 121.51003 | H12: B｜Google 場域代表點 | I12: 街區／聚落代表點 | J12: P0｜核心 | K12: https://www.google.com/maps/search/?api=1&query=%E8%BF%AA%E5%8C%96%E8%A1%97%EF%BC%8D%E5%B9%B4%E8%B2%A8%E5%A4%A7%E8%A1%97%20%E5%A4%A7%E5%90%8C%E5%8D%80%20%E8%87%BA%E5%8C%97%E5%B8%82 | L12: https://www.google.com/maps?q=25.055104,121.510030 | M12: 否｜建議新增場域 | N12: 確認 Google Maps 圖釘是否為主入口或核心地標；另選任務起點、途中節點與終點。
A13: DOR-TNN-HIS-001 | B13: 01｜老街與歷史街區 | C13: 臺南市 | D13: 安平區 | E13: 安平歷史街區 | F13: 23.001509 | G13: 120.16062 | H13: B｜Google 場域代表點 | I13: 街區／聚落代表點 | J13: P0｜核心 | K13: https://www.google.com/maps/search/?api=1&query=%E5%AE%89%E5%B9%B3%E6%AD%B7%E5%8F%B2%E8%A1%97%E5%8D%80%20%E5%AE%89%E5%B9%B3%E5%8D%80%20%E8%87%BA%E5%8D%97%E5%B8%82 | L13: https://www.google.com/maps?q=23.001509,120.160620 | M13: 否｜建議新增場域 | N13: 確認 Google Maps 圖釘是否為主入口或核心地標；另選任務起點、途中節點與終點。
A14: DOR-MIA-HIS-001 | B14: 01｜老街與歷史街區 | C14: 苗栗縣 | D14: 南庄鄉 | E14: 南庄老街 | F14: 24.599318 | G14: 120.99928 | H14: B｜Google 場域代表點 | I14: 街區／聚落代表點 | J14: P0｜核心 | K14: https://www.google.com/maps/search/?api=1&query=%E5%8D%97%E5%BA%84%E8%80%81%E8%A1%97%20%E5%8D%97%E5%BA%84%E9%84%89%20%E8%8B%97%E6%A0%97%E7%B8%A3 | L14: https://www.google.com/maps?q=24.599318,120.999280 | M14: 否｜建議新增場域 | N14: 確認 Google Maps 圖釘是否為主入口或核心地標；另選任務起點、途中節點與終點。
... A89: DOR-KHH-GRN-002 | B89: 05｜城市綠道與水圳 | C89: 高雄市 | D89: 左營區 | E89: 洲仔濕地公園 | F89: 22.680554 | G89: 120.29821 | H89: B｜Google 場域代表點 | I89: 線性綠道／生態場域代表點 | J89: P1｜擴充 | K89: https://www.google.com/maps/search/?api=1&query=%E6%B4%B2%E4%BB%94%E6%BF%95%E5%9C%B0%E5%85%AC%E5%9C%92%20%E5%B7%A6%E7%87%9F%E5%8D%80%20%E9%AB%98%E9%9B%84%E5%B8%82 | L89: https://www.google.com/maps?q=22.680554,120.298210 | M89: 是｜與既有公園同名，可共用場域 | N89: 確認 Google Maps 圖釘是否為主入口或核心地標；另選任務起點、途中節點與終點。

Sheet 六章節使用說明
A1: DOR｜城市探索 六大散步章節｜使用說明
A2: 項目 | B2: 說明
A3: 資料定位 | B3: 本工作簿在既有知名公園資料上，新增六個適合 20–90 分鐘散步的城市探索章節，共 150 處。
A4: 六大章節 | B4: 老街與歷史街區、鐵道與舊鐵路、水岸港口與漁港、文化聚落與產業遺址、城市綠道與水圳、公共藝術與特色建築。
A5: 納入門檻 | B5: 優先納入可形成起點、途中觀察與終點三段體驗的場域；純拍照單點不作為主要擴充方向。
A6: 座標來源 | B6: 以交通部觀光署景點－觀光資訊資料庫為座標底稿；該資料來源註記座標地圖以 Google 為主。
A7: Google Maps連結 | B7: 每筆均附「名稱＋行政區＋縣市」地標搜尋連結，以及經緯度座標檢視連結。
A8: A｜POI座標 | B8: 適用於單一建築、車站、鐵道遺構或明確園區地標；仍須確認 Google Maps 圖釘與任務入口是否一致。
A9: B｜場域代表點 | B9: 適用於老街、港區、聚落、綠道與線性路線；該座標只代表場域，不應直接當作唯一 GPS 判定圓心。
A10: 任務資料結構 | B10: 建議正式產品採「場域 → 主題路線 → 3至5個任務節點」，而不是只保留一個地點座標。
A11: GPS半徑 | B11: 單一 POI 約120m、園區約160m、街區與聚落約200m、港區約250m、線性路線約300m；正式上線前仍需實測。
A12: 開放性 | B12: 資料上線前需確認營業時間、門票、工程、活動、潮汐、夜間照明、鐵路管制與居民生活影響。
A13: 去重方式 | B13: 合併既有 DOR 主表時，應用名稱正規化、行政區，以及300公尺內座標近似比對，避免同場域跨章節重複建點。
... A15: 與既有公園關係 | B15: 表內已標示同名、可能同場域或建議新增；同一地點可以共用場域主檔，再建立不同章節的主題路線，避免重複建立座標與關主。
